企业名称, 法定代表人, 注册资本(元), 注册资金币种, 所属省份,电话,类别
深圳市纺织（集团）股份有限公司,朱军,51127415,元人民币,广东,0755-83776802,纺织
新疆天山毛纺织股份有限公司,武宪章,46749537,元人民币,新疆,0991-4336008,纺织
咸阳纺织集团有限公司,范振华,40000000,元人民币,陕西,029-32085010,纺织
江苏金润纺织有限公司,宋B,80000000,元人民币,江苏,0510-86120582,纺织
浙江新澳纺织股份有限公司,沈建华,51174639,元人民币,浙江,0573-88226060,纺织
江苏华西村纺织服装有限公司,赵明春,50000000,元人民币,江苏,0510-86216228,纺织
鲁泰纺织股份有限公司,刘子斌,85812154,元人民币,山东,0533-5278431,纺织
上海嘉麟杰纺织品股份有限公司,王忠辉,83200000,元人民币,上海,021-37330000,纺织
安徽华茂纺织股份有限公司,倪俊龙,94366501,元人民币,安徽,0556-5919892,纺织
山东天虹纺织有限公司,杜东超,70000000,元人民币,山东,0537-3361666,纺织
广州纺织工贸企业集团有限公司,林虎,73483300,元人民币,广东,020-83348898,纺织
江苏德源纺织服饰有限公司,陶建新,50000000,元人民币,江苏,0510-86121237,纺织
新疆金纺纺织股份有限公司,阿德江・达吾提,42101874,元人民币,新疆,0991-4875459,纺织
新疆东纯兴纺织有限公司,凌力,100000000,元人民币,新疆,0998-6575690,纺织
广州市泽达棉麻纺织品有限公司,张立娜,433000000,元人民币,广东,18868819914,纺织
阿拉尔市中泰纺织科技有限公司,王彦波,60000000,元人民币,新疆,0997-6869538,纺织
广东瑞仑特纺织有限公司,吴伟龙,40000000,元人民币,广东,0769-88329761,纺织
新疆喀什齐鲁纺织服装有限公司,李保仓,44240000,元人民币,新疆,0998-5839111,纺织
武汉裕大华纺织服装集团有限公司,万由顺,60000000,元人民币,湖北,027-88222725,纺织
雅戈尔纺织控股有限公司,李如成,55000000,元人民币,浙江,0574-56577168,纺织
图木舒克市东湖兴纺织有限公司,凌力,50000000,元人民币,新疆,0998-6393007,纺织
宁夏恒丰纺织科技股份有限公司,米恩强,40670000,元人民币,宁夏,0953-6595032,纺织
咸阳秦雅纺织有限公司,范振华,100000000,元人民币,陕西,029-32085091,纺织
佛山市丰宝纺织有限公司,钟伟盛,45000000,元人民币,广东,0757-82125693,纺织
图木舒克市前海棉纺织有限责任公司,粟爱民,48106830,元人民币,新疆,18799504135,纺织
宁夏生态纺织产业有限公司,王恩清,50000000,元人民币,宁夏,13909579030,纺织
江阴赛维毛纺织有限公司,陈丽芬,48122738,元人民币,江苏,0510-86121888,纺织
图木舒克市东恒兴纺织科技有限公司,凌力,60000000,元人民币,新疆,0998-6393007,纺织
大同市中银纺织科技有限公司,冯文明,100000000,元人民币,山西,0352-5323899,纺织
湖北嘉麟杰纺织品有限公司,黄伟国,45000000,元人民币,湖北,0715-6909090,纺织
济宁如意纺织材料有限公司,孙卫婴,100000000,元人民币,山东,0537-2933039,纺织
新疆六孚纺织工业园有限公司,孙伟挺,67650000,元人民币,新疆,0994-6805220,纺织
济宁如意国际纺织发展有限公司,孙卫婴,50000000,元人民币,山东,0537-2933039,纺织
南通市通州区港飞纺织科技有限公司,张春燕,40000000,元人民币,江苏,0513-86821686,纺织
吉林德惟智能纺织科技股份有限公司,周朋举,100000000,元人民币,吉林,18954207979,纺织
中纺丝路（天津）纺织服装科技有限公司,郑继平,60000000,元人民币,天津,010-87934057,纺织
经纬智能纺织机械有限公司,高林郁,140000000,元人民币,山西,0354-2492001,纺织
本溪钢铁（集团）有限责任公司,杨成广,629166880,元人民币,辽宁,024-47828766,钢铁
湖南华菱钢铁股份有限公司,曹志强,612907721,元人民币,湖南,0731-89952811,钢铁
涞源县奥宇钢铁有限公司,丁立国,27000000,元人民币,河北,0312-7843118,钢铁
重庆永航钢铁集团有限公司,秦涛,26000000,元人民币,重庆,023-40714615,钢铁
河北津西钢铁集团股份有限公司,于利峰,22863557,元人民币,河北,0315-5888174,钢铁
天津冶金轧一钢铁集团有限公司,王天旭,128000000,元人民币,天津,022-58688796,钢铁
江西方大钢铁集团有限公司,黄智华,103533900,元人民币,江西,0791-86753051,钢铁
广东汉鑫钢铁集团有限公司,史诗鑫,20000000,元人民币,广东,0755-27843966,钢铁
柳州钢铁股份有限公司,陈有升,256279320,元人民币,广西,0772-2595971,钢铁
汇金钢铁（天津）集团有限公司,张桂全,39800000,元人民币,天津,022-58802385,钢铁
云南曲靖钢铁集团有限公司,刘依渠,385000000,元人民币,云南,0874-8960699,钢铁
江苏沿海钢铁集团有限公司,王爱瑞,20000000,元人民币,江苏,0518-85866579,钢铁
湖南华菱钢铁集团有限责任公司,曹志强,200000000,元人民币,湖南,0731-89952000,钢铁
山西晋南钢铁集团有限公司,张天福,20000000,元人民币,山西,0357-4530920,钢铁
云南永钢钢铁集团有限公司,段青,365000000,元人民币,云南,13312518656,钢铁
北台钢铁（集团）有限责任公司,陈新,404680000,元人民币,辽宁,024-47839333,钢铁
河北前进钢铁集团有限公司,马西波,80000000,元人民币,河北,0316-7608888,钢铁
唐山东华钢铁企业集团有限公司,王洪,200000000,元人民币,河北,0315-8590069,钢铁
新余钢铁股份有限公司,夏文勇,318872270,元人民币,江西,0790-6292925,钢铁
凌源钢铁股份有限公司,文广,277108274,元人民币,辽宁,0421-6838186,钢铁
玖隆钢铁物流有限公司,季徽强,112800176,元人民币,江苏,0512-35012165,钢铁
广州珠江钢铁有限责任公司,刘中秋,137036630,元人民币,广东,020-81898180,钢铁
江阴市长达钢铁有限公司,范素月,20000000,元人民币,江苏,0510-86168168,钢铁
凌源钢铁集团有限责任公司,文广,160000000,元人民币,辽宁,0421-6838178,钢铁
天津市利丰源达钢铁集团有限公司,黄俊银,38000000,元人民币,天津,022-23966789,钢铁
本溪钢铁（集团）矿业有限责任公司,赵铁林,268000000,元人民币,辽宁,0414-47839261,钢铁
陕西华鑫特种钢铁集团有限公司,刘正平,41010000,元人民币,陕西,0913-2449216,钢铁
乌海市包钢万腾钢铁有限责任公司,李刚利,328600000,元人民币,内蒙古,0473-2662857,钢铁
南京南钢钢铁联合有限公司,黄一新,300000000,元人民币,江苏,025-57074538,钢铁
河北兴华钢铁有限公司,陈茂春,22260000,元人民币,河北,0310-5173991,钢铁
江阴兴澄特种钢铁有限公司,李国忠,1236579745,元人民币,江苏,0510-86193388,钢铁
天津建龙钢铁实业有限公司,张志祥,200000000,元人民币,天津,022-59856668-778,钢铁
阳春新钢铁有限责任公司,左都伟,280000000,元人民币,广东,0662-8259361,钢铁
包头钢铁（集团）有限责任公司,魏栓师,1642697711,元人民币,内蒙古,0472-2189021,钢铁
上海宝闽钢铁集团有限公司,许松军,32800000,元人民币,上海,13818685181,钢铁
重庆长寿钢铁有限公司,周竹平,400000000,元人民币,重庆,18875298825,钢铁
涟源钢铁集团有限公司,肖尊湖,95932077,元人民币,湖南,0738-8662500,钢铁
攀钢集团成都钢铁有限责任公司,张虎,156000000,元人民币,四川,028-83616513,钢铁
泸州鑫阳钒钛钢铁有限公司,刘义腾,200000000,元人民币,四川,0830-8966555,钢铁
山东莱钢永锋钢铁有限公司,董和玉,300000000,元人民币,山东,0534-5759577,钢铁
天津大无缝钢铁开发有限公司,刘千民,30000000,元人民币,天津,022-24800812,钢铁
云南永钢钢铁集团永昌钢铁有限公司,段青,300000000,元人民币,云南,13312518656,钢铁
日照钢铁供应有限公司,吴泉辉,20000000,元人民币,山东,0633-2969682,钢铁
江苏省镔鑫钢铁集团有限公司,陈彬,200000000,元人民币,江苏,0518-86998881,钢铁
唐山东海钢铁集团有限公司,余建铭,120000000,元人民币,河北,0315-7109599,钢铁
河南济源钢铁（集团）有限公司,李玉田,100000000,元人民币,河南,0391-6688018,钢铁
唐山市德龙钢铁有限公司,丁立国,596000000,元人民币,河北,0315-4099086,钢铁
河北新武安钢铁集团有限公司,王文安,147573000,元人民币,河北,0310-3716769,钢铁
无锡市雪丰钢铁有限公司,陆锦祥,24444000,元人民币,江苏,0510-83215011,钢铁
湖北新鑫钢铁集团有限公司,刘桑田,20000000,元人民币,湖北,18507236656,钢铁
重庆足航钢铁有限公司,邱先彪,26000000,元人民币,重庆,023-43352678,钢铁
浙江建龙钢铁实业有限公司,张伟祥,50000000,元人民币,浙江,0571-85812709,钢铁
云南永钢钢铁集团巨利达钢铁有限公司,林春霖,65000000,元人民币,云南,13888370006,钢铁
日照钢铁货运有限公司,邓海永,30000000,元人民币,山东,18263301822,钢铁
山西晋城钢铁控股集团有限公司,李强,60800000,元人民币,山西,0356-3878666,钢铁
河北纵横集团丰南钢铁有限公司,孙志祥,800000000,元人民币,河北,13785500036,钢铁
连云港兴鑫钢铁有限公司,王爱瑞,32160000,元人民币,江苏,0518-83377888,钢铁
唐山首钢宝业钢铁有限公司,赵民革,500000000,元人民币,河北,010-88291942,钢铁
辽宁成大钢铁贸易有限公司,张奎刚,54000000,元人民币,辽宁,0411-82511186,钢铁
福建泉州闽光钢铁有限责任公司,刘梅萱,34229760,元人民币,福建,0595-68869698,钢铁
江苏沙钢世富钢铁炉料有限责任公司,孙廉洁,30000000,元人民币,江苏,0512-56719355,钢铁
山东易德化工有限公司,何伟伟,3100000,元人民币,山东,15553851666,化工
江苏科特化工有限公司,梅余武,1000000,元人民币,江苏,15380676796,化工
盐城德龙化工有限公司,卞美中,500000,元人民币,江苏,13851050914,化工
江苏圳鼎化工贸易有限公司,王军宝,1000000,元人民币,江苏,18451816000,化工
嘉兴旭东化工填料有限公司,蒋龙珠,500000,元人民币,浙江,15757308485,化工
盐城海纳化工科技有限公司,王晓芹,100000,元人民币,江苏,15195129003,化工
常州美耀化工有限公司,汤秋兰,100000,元人民币,江苏,13912333916,化工
淮安宏宇化工有限公司,赵丹,100000,元人民币,江苏,13912084388,化工
昆山仟彩化工有限公司,管国红,100000,元人民币,江苏,15050265554,化工
连云港千哲化工贸易有限公司,叶阳,100000,元人民币,江苏,15850415061,化工
南京舜捷化工有限公司,王锦元,100000,元人民币,江苏,13770643800,化工
河北辰朗化工有限公司,王云龙,1000000,元人民币,河北,0316-5569190,化工
上海丹吉化工有限公司,陈伟,100000,元人民币,上海,021-59700110,化工
上海启祚化工有限公司,梁维龙,100000,元人民币,上海,17316598662,化工
大连海超化工原料有限公司,王海超,500000,元人民币,辽宁,17615183134,化工
昆山国宝化工产品有限公司,刘振壬,100000,元人民币,江苏,18118179192,化工
上海S佳化工有限公司,郭以鹏,500000,元人民币,上海,18117282008,化工
上海铂硕化工材料有限公司,李秀珍,500000,元人民币,上海,021-58255036,化工
太仓盈顺化工科技有限公司,张丽,100000,元人民币,江苏,18625237576,化工
常州朗盈油品化工有限公司,冯星星,100000,元人民币,江苏,13852312477,化工
新乡市普利化工有限公司,王海强,1000000,元人民币,河南,15893847969,化工
沈阳金泰尔化工有限公司,王磊,100000,元人民币,辽宁,13654036367,化工
东营市信润化工有限公司,孙建国,100000,元人民币,山东,0546-8639288,化工
廊坊晨华化工有限公司,李万秋,500000,元人民币,河北,0316-5950780,化工
南京睿淼化工有限公司,季坚,100000,元人民币,江苏,025-85767697,化工
山东晟宝锐化工机械制造有限公司,吴建飞,500000,元人民币,山东,15169253399,化工
任丘市鹏宇化工有限公司,任国方,1000000,元人民币,河北,13292759444,化工
廊坊成宏化工建材有限公司,杨建成,100000,元人民币,河北,0316-3265644,化工
零邀零（上海）化工有限公司,王建,500000,元人民币,上海,13914953516,化工
无锡市志诚达化工设备制造有限公司,奚勇诚,500000,元人民币,江苏,13771449918,化工
吉林市松达科技有限公司,董玉新,4000000,元人民币,吉林,13500980318,化工
淄博联创聚氨酯有限公司,王宪东,8000000,元人民币,山东,0533-6286026,化工
天津市天盛兴业干燥剂有限公司,卢秀梅,100000,元人民币,天津,15522886885,化工
天津誉瑞特品科技有限公司,孔金花,100000,元人民币,天津,13821082726,化工
浙江焓盛氟塑料有限公司,朱俊,1000000,元人民币,浙江,19957363369,化工
内乡县辉远冶锻材料有限公司,张建辉,100000,元人民币,河南,13937747728,化工
吴桥县炜恒减速机有限公司,刘文峰,100000,元人民币,河北,15383379369,化工
江阴中旭供应链有限公司,叶华锋,500000,元人民币,江苏,13861605093,化工
江苏永盛铝业有限公司,张波,1000000,元人民币,江苏,18915859996,化工
江苏金新泵业有限公司,徐乐,2688000,元人民币,江苏,13852628788,化工
北京逸峰科技有限公司,李龙军,100000,元人民币,北京,13810408212,化工
淄博盛唐环保设备有限公司,唐行军,100000,元人民币,山东,13589571688,化工
河北稳健钙业有限公司,李拉牛,1000000,元人民币,河北,15032796522,化工
江苏新迪环保设备有限公司,严雨彤,2218000,元人民币,江苏,15161051708,化工
天津市喜盈昊润钢铁贸易有限公司,于喜娟,1200000,元人民币,天津,13920318856,化工
苏州欣源N塑料有限公司,郭正兴,100000,元人民币,江苏,13862382639,化工
毕泰卡文化科技（深圳）有限公司,徐玉锁,17017000,元人民币,广东,0755-26711725,化工
潍坊市京东防水材料有限公司,隋海东,2000000,元人民币,山东,18754409111,化工
天津宝臻钢铁有限公司,张祯,600000,元人民币,天津,022-59512707,化工
喜洛化学（上海）有限公司,蔡红光,1000000,元人民币,上海,0512-53209136,化工
天津盛鑫通达钢铁贸易有限公司,石松岭,1000000,元人民币,天津,18622266011,化工
上海富激国际贸易有限公司,郑灵灵,100000,元人民币,上海,18201943118,化工
洛阳东业贸易有限公司,郭艳丽,100000,元人民币,河南,18137901121,化工
昆山超瑞克润滑材料有限公司,林世广,500000,元人民币,江苏,13773170430,化工
天津市益辉钢铁有限公司,杜景博,500000,元人民币,天津,18902121488,化工
天津尚德利亚钢铁贸易有限公司,王伟杰,500000,元人民币,天津,15122079886,化工
深圳市泛亚宁远进出口有限公司,潘小宁,100000,元人民币,广东,13609620212,化工
北京凯盛建材工程有限公司,孙建安,30000000,元人民币,北京,010-56371719,建材
金强（福建）建材科技股份有限公司,刘金铃,56510000,元人民币,福建,0591-62609999,建材
四川博利莱建材集团有限公司,刘元峰,35000000,元人民币,四川,18080415267,建材
西藏升航建材产业集团有限公司,诺旦,50000000,元人民币,西藏,0891-6563824,建材
新疆北新建材工业集团有限公司,雷亚虹,38000000,元人民币,新疆,0991-6658601,建材
漳州城投建材集团有限公司,许式彬,30000000,元人民币,福建,0596-7070591,建材
上海新型建材岩棉有限公司,林磊,40816327,元人民币,上海,021-39291299,建材
西安高科建材科技有限公司,祝社宁,40000000,元人民币,陕西,029-88318691,建材
西藏高争建材股份有限公司,达娃次仁,81584024,元人民币,西藏,0891-6157099,建材
新疆中浩建材集团有限公司,陈洪涛,30000000,元人民币,新疆,0991-3193486,建材
广州雅丰新型建材有限公司,陈璐琳,100000000,元人民币,广东,13570915351,建材
新疆雁池新型建材有限公司,蔡志舰,32216260,元人民币,新疆,0991-2570758,建材
天津市天材兴辰建材有限公司,李宝太,42798300,元人民币,天津,022-26340753,建材
安徽女神建材科技集团有限公司,宋定昌,10000010,元人民币,安徽,18919682777,建材
深圳市金地建材有限公司,韦传军,80000000,元人民币,广东,0755-82039999,建材
呼和浩特市鹏元天恒建材有限责任公司,周雪飞,58000000,元人民币,内蒙古,15647174266,建材
赤峰九天建材化工（集团）有限责任公司,郭丽娟,100000000,元人民币,内蒙古,0476-8288195,建材
福州市鸿生建材有限公司,何宝平,42898000,元人民币,福建,0591-85589818,建材
西藏昌都高争建材股份有限公司,大次仁,42000000,元人民币,西藏,0895-4810398,建材
云南昆钢嘉华水泥建材有限公司,杨林红,82500000,元人民币,云南,0871-66250051,水泥
新疆德坤建材有限责任公司,贵侠,30000000,元人民币,新疆,0991-6880146,建材
曲靖昆钢嘉华水泥建材有限公司,杨林红,37452000,元人民币,云南,13908749587,水泥
四川利森建材集团有限公司,张家彬,116639018,元人民币,四川,0838-8704555,建材
保山昆钢嘉华水泥建材有限公司,杨林红,41258000,元人民币,云南,0875-8884687,水泥
新疆青松建材有限责任公司,唐光强,149889790,元人民币,新疆,0991-5916021,建材
禹州市锦晟建材有限公司,杜晓芳,50000000,元人民币,河南,0374-6067668,建材
苏州苏福中兴建材有限公司,马俊,44000000,元人民币,江苏,0512-66955097,建材
滨州市洋海建材有限公司,李忠文,50000000,元人民币,山东,18266557721,建材
滨州市友康建材有限公司,王维杰,50000000,元人民币,山东,18254390151,建材
红河建材熔剂有限公司,董瑜,35764340,元人民币,云南,0873-3103224,建材
福建润开建材有限公司,陈文顺,30000000,元人民币,福建,13609538591,建材
陕西天力恒泰新型建材有限公司,敬西峰,30000000,元人民币,陕西,13909103049,建材
日照铭泽建材有限公司,李方生,5650000,元人民币,山东,13792033680,建材
湖南公元建材有限公司,王杰军,33700000,元人民币,湖南,0730-3051866,建材
潍坊一诺建材有限公司,刘P,58000000,元人民币,山东,13356366777,建材
中邦嘉诚建材有限公司,马康康,50000000,元人民币,河南,13562222351,建材
辽宁天资建材有限公司,李墨雪,30000000,元人民币,辽宁,13352108487,建材
洪洞平安恒利建材有限公司,马云港,30000000,元人民币,山西,18234012795,建材
无锡华厦家居港建材市场有限公司,华闽,32000000,元人民币,江苏,0510-82403358,建材
贵州兴贵恒远新型建材有限公司,邓兴贵,30000000,元人民币,贵州,0851-33605777,建材
普洱昆钢嘉华水泥建材有限公司,杨林红,38340000,元人民币,云南,0879-5877068,水泥
福建砼艺建材有限公司,杨钦云,30000000,元人民币,福建,13600865580,建材
天津市房信建材科技有限公司,陈学新,30000000,元人民币,天津,022-83121226,建材
巴州青松绿原建材有限责任公司,向安斌,36159000,元人民币,新疆,0996-2188918,建材
广西义来建材有限公司,田心静,50000000,元人民币,广西,18915360826,建材
东营市天诚建材有限公司,徐四玲,60000000,元人民币,山东,0546-8956669,建材
安徽铁庆建材有限公司,张家甫,30000000,元人民币,安徽,13956829536,建材
南京恒毓建材有限公司,许凤兰,122000000,元人民币,江苏,025-69691811,建材
苏州丰益兴建材有限公司,胡辅忠,35500000,元人民币,江苏,0511-85580985,建材
广西海螺建工建材有限责任公司,王从富,30000000,元人民币,广西,0772-4253499,建材
日喀则市雅曲新型建材有限公司,罗布次仁,40000000,元人民币,西藏,17397128878,建材
福建省宇优建材有限责任公司,王于优,53275000,元人民币,福建,18659161636,建材
德立行（福州）建材贸易有限公司,陈雨金,35000000,元人民币,福建,0591-62333308,建材
枣庄金之石建材有限公司,侯坤,60000000,元人民币,山东,17862777777,建材
扬中市磊鑫建材有限公司,孙国华,50000000,元人民币,江苏,13806144812,建材
黔南州宏安建材有限公司,汤礼平,50000000,元人民币,贵州,18985958833,建材
成都奎因思建材有限公司,陈兴华,38800000,元人民币,四川,18080421310,建材
龙口市苏龙建材有限公司,冯伟,50000000,元人民币,山东,13285459516,建材
宁夏黑金新型建材有限公司,黑小军,100000000,元人民币,宁夏,0953-5085789,建材
天津港新兴建材码头有限公司,杨学军,112600000,元人民币,天津,022-25703300,建材
浙江和海新型建材有限公司,郑伟,30000000,元人民币,浙江,0580-2327525,建材
福建中闽富晟建材有限公司,庄世铭,30000000,元人民币,福建,13774577733,建材
江阴市金三角建材市场有限公司,徐雅芬,32600000,元人民币,江苏,0510-86179232,建材
江苏升辉装饰建材实业有限公司,葛东升,36000000,元人民币,江苏,0516-83569666,建材
徐州市光驰新型建材有限公司,蔺丹,40000000,元人民币,江苏,15895232387,建材
常熟星宇新兴建材有限公司,黄群,33158000,元人民币,江苏,0512-52109588,建材
广西众合新型建材有限公司,石星军,30000000,元人民币,广西,15177838988,建材
临海伟星新型建材有限公司,洪义华,32000000,元人民币,浙江,0576-85125586,建材
吴忠赛马新型建材有限公司,贺宗林,31000000,元人民币,宁夏,0955-5619238,建材
苏州任华节能建材有限公司,任煜虎,30000000,元人民币,江苏,13814883831,建材
福州市福德发建材有限公司,李忠华,30000000,元人民币,福建,15880117303,建材
四川恒鑫嘉能建材有限公司,郑吉宽,30000000,元人民币,四川,18080404712,建材
潜江市俊毛建材有限公司,郭俊江,50000000,元人民币,湖北,15587804860,建材
阜新昌旺建材贸易有限公司,郝桂芹,30000000,元人民币,辽宁,0418-5688877,建材
龙口市山江建材有限公司,孙迎秋,100000000,元人民币,山东,15762346818,建材
常熟星岛新兴建材有限公司,吴良兵,101550000,元人民币,江苏,13812818509,建材
内蒙古蒙西水泥股份有限公司,刘鹏飞,60000000,元人民币,内蒙古,0471-3456955,水泥
大连水泥集团有限公司,徐风,88898000,元人民币,辽宁,0411-86522011,水泥
福建水泥股份有限公司,王金星,38187367,元人民币,福建,0591-88561889,水泥
华新水泥股份有限公司,李叶青,209659986,元人民币,湖北,027-87773996,水泥
尧柏特种水泥集团有限公司,王蕊,189000000,元人民币,陕西,029-89254988,水泥
山东山水水泥集团有限公司,常张利,363300000,元人民币,山东,0531-88360516,水泥
洛阳黄河同力水泥有限责任公司,陈立新,46212110,元人民币,河南,0379-60212721,水泥
福建南平水泥股份有限公司,甘毓d,35136672,元人民币,福建,0599-8281150,水泥
乌兰察布中联水泥有限公司,贾书伟,56525650,元人民币,内蒙古,0474-6543033,水泥
南阳中联卧龙水泥有限公司,柳俊林,30000000,元人民币,河南,0377-68079270,水泥
甘肃祁连山水泥集团股份有限公司,脱利成,77629028,元人民币,甘肃,0931-4900619,水泥
河北京兰水泥有限公司,余培良,50000000,元人民币,河北,0312-6379800,水泥
山东东华水泥有限公司,李庆文,37800000,元人民币,山东,0533-5866042,水泥
安阳中联水泥有限公司,刘宗虎,60000000,元人民币,河南,0372-3189835,水泥
重庆西南水泥有限公司,白彦,200000000,元人民币,重庆,023-63805881,水泥
四川省星船城水泥股份有限公司,陈铁军,36953221,元人民币,四川,0832-5631550,水泥
重庆铜梁西南水泥有限公司,李军,30000000,元人民币,重庆,023-87302200,水泥
邯郸金隅太行水泥有限责任公司,王东书,66434287,元人民币,河北,0310-5062920,水泥
四川峨胜水泥集团股份有限公司,熊建华,35990000,元人民币,四川,0833-5573566,水泥
湖北京兰水泥集团有限公司,余培良,55000000,元人民币,湖北,0724-7539099,水泥
江西南方万年青水泥有限公司,李世锋,100000000,元人民币,江西,0791-88160027,水泥
新安中联万基水泥有限公司,赵胜德,30000000,元人民币,河南,0379-67333288,水泥
江西万年青水泥股份有限公司,江尚文,79737368,元人民币,江西,0793-88160027,水泥
重庆长寿西南水泥有限公司,余劲松,42000000,元人民币,重庆,023-40715626,水泥
禹州市锦信水泥有限公司,王保太,50000000,元人民币,河南,0374-6067689,水泥
驻马店市豫龙同力水泥有限公司,悦伟,57194020,元人民币,河南,0396-7060008,水泥
冀东海天水泥闻喜有限责任公司,王飞,45315000,元人民币,山西,0359-7306088-6087,水泥
江苏金峰水泥集团有限公司,丁建庆,102800000,元人民币,江苏,0519-87550860,水泥
葛洲坝松滋水泥有限公司,吴祖德,41500000,元人民币,湖北,0716-6517108,水泥
四川双马水泥股份有限公司,谢建平,76344033,元人民币,四川,028-63231522,水泥
龙里红狮水泥有限公司,章锦鸿,38000000,元人民币,贵州,0854-5730610,水泥
邢台金隅咏宁水泥有限公司,李太功,33000000,元人民币,河北,0319-7259539,水泥
山东泉兴中联水泥有限公司,张宗辉,200000000,元人民币,山东,0632-8636576,水泥
遵义砺锋水泥有限公司,孙健,50041600,元人民币,贵州,0851-28779051,水泥
乾县海螺水泥有限责任公司,范长虹,56000000,元人民币,陕西,029-38978006,水泥
北京金隅水泥经贸有限公司,魏有奎,50000000,元人民币,北京,010-67283099,水泥
陕西生态水泥股份有限公司,张超晖,100000000,元人民币,陕西,029-81772204,水泥
江西瑞金万年青水泥有限责任公司,李世锋,48520000,元人民币,江西,0797-2562712,水泥
湖南韶峰水泥（集团）有限公司,肖小高,45685800,元人民币,湖南,0731-56996166,水泥
贵州西南鱼峰水泥有限公司,向开伟,90000000,元人民币,贵州,0851-84837555,水泥
大连天瑞水泥有限公司,李海军,47971490,元人民币,辽宁,0411-85283598,水泥
登封中联登电水泥有限公司,潘凤t,30000000,元人民币,河南,0371-62721881,水泥
四川川煤水泥股份有限公司,张家彬,30000000,元人民币,四川,0839-6604999,水泥
青州中联水泥有限公司,刘尊科,30000000,元人民币,山东,0536-3897801,水泥
浙江红狮水泥股份有限公司,章小华,108800000,元人民币,浙江,0579-88256610,水泥
中材萍乡水泥有限公司,贾相华,33000000,元人民币,江西,0799-2099013,水泥
华蓥台泥水泥有限公司,吕克甫,94988000,元人民币,四川,0826-4666722,水泥
河北金隅鼎鑫水泥有限公司,王志刚,131700000,元人民币,河北,0311-82213057,水泥
葛洲坝钟祥水泥有限公司,谢剑峰,117290000,元人民币,湖北,0724-4838966,水泥
重庆拉法基水泥有限公司,LO CHI KONG（罗志光）,34000000,元人民币,重庆,023-62482315,水泥
重庆海螺水泥有限责任公司,张来辉,55000000,元人民币,重庆,023-54409502,水泥
曲阳金隅水泥有限公司,刘庆平,35000000,元人民币,河北,0312-4232000,水泥
金隅冀东水泥（唐山）有限责任公司,孔庆辉,400000000,元人民币,河北,010-59512089,水泥
烟台栖霞中联水泥有限公司,王克东,41041549,元人民币,山东,0535-5571220,水泥
山东胜利钢管有限公司,张必壮,115400000,元人民币,山东,0533-2272341,矿产
青龙满族自治县歪桃山矿业有限公司,郭玉喜,20000000,元人民币,河北,17725578333,矿产
四川金能达矿业开发有限公司,杨志斌,20000000,元人民币,四川,028-86615155,矿产
山东鸿承冶炼有限公司,刘泽铭,20000000,元人民币,山东,0535-2179877,矿产
莱芜莱新铁矿有限责任公司,张京涛,20000000,元人民币,山东,0531-6069117,矿产
北京兴安富邦矿业有限公司,曲卫东,20000000,元人民币,北京,13701019558,矿产
中合联商贸集团有限公司,陈宗吉,20000000,元人民币,北京,010-68349970,矿产
四川茂源矿业开发有限公司,蔡立军,20000000,元人民币,四川,028-86615155,矿产
丰宁顺达矿业集团有限公司,王福国,20000000,元人民币,河北,15694947879,矿产
聚德汇通（北京）科贸有限公司,徐秋冰,20000000,元人民币,北京,13051169700,矿产
内蒙古东大永元矿业集团有限公司,刘厚言,20000000,元人民币,内蒙古,18647694688,矿产
安徽新超材料科技有限公司,胡国信,20000000,元人民币,安徽,0556-8899207,矿产
本溪市金和矿业有限公司,李发,20000000,元人民币,辽宁,0414-47275555,矿产
乌拉特中旗永来矿业有限责任公司,杨继刚,20000000,元人民币,内蒙古,15024883333,矿产
北京鹏龙天创物资贸易有限公司,孙宏宇,20000000,元人民币,北京,010-58527195,矿产
徐州兴沛能源有限公司,孟祥骏,20000000,元人民币,江苏,13324567890,矿产
山东蓝格矿业有限公司,付晓亮,20000000,元人民币,山东,18800335018,矿产
三门峡宝山矿业有限公司,李兴旺,20000000,元人民币,河南,13581915181,矿产
云南明利化工有限公司,林晓东,20000000,元人民币,云南,18074810079,矿产
天津港鑫国际贸易有限公司,邓宏鑫,20000000,元人民币,天津,18920347716,矿产
包头市易浩通环保科技有限公司,王威,20000000,元人民币,内蒙古,15849486188,矿产
天津航物国际贸易有限公司,闫昶煦,20000000,元人民币,天津,022-58099706,矿产
莱州九五实业有限公司,季庆滨,20000000,元人民币,山东,15920037129,矿产
安徽海瀚矿业有限公司,李仲保,20000000,元人民币,安徽,13956116663,矿产
平陆县虞凯废矿石综合利用有限公司,袁红章,20000000,元人民币,山西,13849060061,矿产
朝阳新华钼业有限责任公司,赵春雷,20000000,元人民币,辽宁,0421-4115059,矿产
云南大红地建筑有限公司,彭庆伦,20000000,元人民币,云南,13888853399,矿产
湖南高视伟业碳酸钙产业发展有限公司,刘潭爱,20000000,元人民币,湖南,0735-6363779,矿产
中能源（山东）物流有限公司,刘一冬,20000000,元人民币,山东,0533-3052299,矿产
内蒙古浩通环保科技有限公司,王威,20000000,元人民币,内蒙古,15848842678,矿产
江苏中关村科技产业园进出口贸易有限公司,唐正昊,20000000,元人民币,江苏,0519-87880030,矿产
湖北堰边上矿业有限公司,姜兴武,20000000,元人民币,湖北,0710-5069810,矿产
天津菲诺尔国际贸易有限公司,黄佳俊,20000000,元人民币,天津,18920722509,矿产
左权县鑫泰冶金矿山有限责任公司,马栋峰,20000000,元人民币,山西,18635433564,矿产
辽宁天元锰业有限公司,仇广纯,20000000,元人民币,辽宁,010-65101730,矿产
茌平万泽商贸有限公司,王士勇,20000000,元人民币,山东,0635-4257088,矿产
唐山鑫晶特钢有限公司,王子刚,20000000,元人民币,河北,0315-3579809,矿产
江西铜业磷化有限公司,徐勇辉,20000000,元人民币,江西,13507030930,矿产
山西德容佳合工贸有限公司,白敏,20000000,元人民币,山西,15834028382,矿产
上海f瑞贸易有限公司,曹F鎏,20000000,元人民币,上海,021-62887056,矿产
山东中发港务有限公司,王静,20000000,元人民币,山东,13601091116,矿产
内蒙古普泽新材料科技有限公司,胡站斌,20000000,元人民币,内蒙古,0474-3589007,矿产
山西晋南钢铁集团有限公司,张天福,20000000,元人民币,山西,0357-4530920,矿产
攀枝花市融恒达实业有限公司,秦远,20000000,元人民币,四川,13350540766,矿产
青岛中垠瑞丰国际贸易有限公司,刘毓,20000000,元人民币,山东,0532-82023955,矿产
山西潞安元丰矿业有限公司,胡学军,20000000,元人民币,山西,0355-5958760,矿产
山西万华清洁能源有限公司,李云生,20000000,元人民币,山西,0357-8156600,矿产
舟山仁鼎贸易有限公司,黄佳俊,20000000,元人民币,浙江,15595473210,矿产
汉能新材料科技有限公司,张颖,20000000,元人民币,北京,010-83914567,矿产
天津祥鼎隆实业有限公司,韩建锋,20000000,元人民币,天津,18102116438,矿产
天津际华国际贸易有限公司,邓宏鑫,20000000,元人民币,天津,13370442416,矿产
天津昊天国际贸易有限公司,李芸霞,20000000,元人民币,天津,18622887031,矿产
联添控股集团有限公司,崔文斌,20000000,元人民币,天津,18622748133,矿产
天津鑫呈实业有限公司,王铁军,20000000,元人民币,天津,18102114819,矿产
青岛润丰铝箔有限公司,周涛,20000000,元人民币,山东,0532-55596103,矿产
舟山嘉泽实业有限公司,李晓军,20000000,元人民币,浙江,18609517830,矿产
舟山丰伟实业有限公司,万永清,20000000,元人民币,浙江,18609517830,矿产
江苏德顺镍业有限公司,戴国芳,20000000,元人民币,江苏,0515-86868999,矿产
贵州织金兆恒铝业有限公司,姚华军,20000000,元人民币,贵州,15854888888,矿产
舟山雄盛实业有限公司,刘学保,20000000,元人民币,浙江,18609517830,矿产
天津威圣实业有限公司,王铁军,20000000,元人民币,天津,15320050393,矿产
江苏沿海钢铁集团有限公司,王爱瑞,20000000,元人民币,江苏,0518-85866579,矿产
智领天跃有限公司,董明智,20000000,元人民币,北京,15901135905,矿产
吉林向润物资贸易有限公司,李智慧,20000000,元人民币,吉林,13514493104,矿产
山西沃能化工科技有限公司,郑家强,20000000,元人民币,山西,0357-5528182,矿产
天津市众泰集团有限公司,李建华,20000000,元人民币,天津,022-83710119,矿产
青岛邦拓新材料科技有限公司,仇晓军,20000000,元人民币,山东,15535715028,矿产
华地福缘矿业股份有限公司,白胜国,20000000,元人民币,河北,13223367777,矿产
富汇尔（天津）国际贸易有限公司,刘树军,20000000,元人民币,天津,18322564099,矿产
阿克陶县锰兴矿产资源开发有限责任公司,张学核,20000000,元人民币,新疆,0908-7666600,矿产
佰泽集团有限公司,朱峰,20000000,元人民币,北京,010-62508800,矿产
盛源科技集团有限公司,朱道明,20000000,元人民币,山东,0632-4056990,矿产
泉州市开源实业有限责任公司,曾清加,20000000,元人民币,福建,0595-28063287,矿产
中新北方能源经贸有限公司,周广荣,20000000,元人民币,北京,0477-5127013,矿产
黑龙江倍丰农业生产资料集团有限公司,刘艳明,20000000,元人民币,黑龙江,0451-88383752,矿产
北京洁云环保科技有限公司,陈雁归,20000000,元人民币,北京,15611268999,矿产
江苏新宏大集团有限公司,陈爱民,20000000,元人民币,江苏,0523-83886001,矿产
营口经济技术开发区晨光物流有限公司,党成斌,20000000,元人民币,辽宁,18741721899,矿产
湖北铜化昊坤化工有限公司,黄荣,20000000,元人民币,湖北,0717-3991166,矿产
沈阳恒茂能源发展有限公司,解相国,20000000,元人民币,辽宁,18840854398,矿产
山东宇信铸业有限公司,姚国修,20000000,元人民币,山东,0536-3750882,矿产
天津冀物金属材料有限公司,苏存江,20000000,元人民币,天津,022-60275995,矿产
上海雷林生态科技有限公司,陈悦,20000000,元人民币,上海,021-54378797,矿产
北京华星实创文化产业发展有限公司,贾志鑫,20000000,元人民币,北京,13811130510,矿产
四川省巨申进出口贸易有限公司,杨清慧,20000000,元人民币,四川,15928256538,矿产
舟山诚贤贸易有限公司,杨凯,20000000,元人民币,浙江,18609517830,矿产
河北华增达国际物流有限公司,王锋,20000000,元人民币,河北,0310-5898985,矿产
山西煤炭运销集团临汾有限公司,冯志平,20000000,元人民币,山西,0357-2683971,矿产
秦皇岛秦晋通商贸有限公司,马彩珍,20000000,元人民币,河北,13784066736,矿产
上海澈桐贸易有限公司,孙晓,20000000,元人民币,上海,021-32500565,矿产
山东中悦石化科技有限公司,周连明,20000000,元人民币,山东,0543-2911126,矿产
正威（新疆）铜业有限公司,张竹锋,20000000,元人民币,新疆,0991-3920528,矿产
重庆人和粮食产业集团有限责任公司,叶凤鸣,20000000,元人民币,重庆,023-65268379,矿产
天津物产化轻旭阳国际贸易有限公司,王强,20000000,元人民币,天津,022-58882473,矿产
广西光正矿产业有限公司,李广安,20000000,元人民币,广西,0778-2453899,矿产
山西建通科技有限公司,张浩宇,20000000,元人民币,山西,13834622463,矿产
阳泉煤业晋东物流有限公司,安文罡,20000000,元人民币,山西,0353-7089911,矿产
唐山市多福商贸有限公司,季志军,20000000,元人民币,河北,0315-8590069,矿产
山东拓新新材料有限公司,吉连政,20000000,元人民币,山东,0530-8025835,矿产
中农集团农业装备有限公司,刘尧,20000000,元人民币,北京,010-59337122,矿产
山东盛德大业供应链有限公司,钱国忠,20000000,元人民币,山东,15163801620,矿产
吕梁市腾阳中钰能源有限公司,陈鸿鹏,20000000,元人民币,山西,15035875199,矿产
北京民峰实业有限公司,王富荣,20000000,元人民币,北京,13331080025,矿产
山西建盛源新能源有限公司,吴晓年,20000000,元人民币,山西,0357-4035622,矿产
大同煤业国际贸易有限责任公司,陈红政,20000000,元人民币,山西,0352-7010566,矿产
江苏君地能源国际贸易有限公司,朱元昌,20000000,元人民币,江苏,0513-68037781,矿产
本溪世联贸易有限公司,揭远珍,20000000,元人民币,辽宁,15274253487,矿产
天津市嘉柏宏业新材料科技有限公司,焦同民,20000000,元人民币,天津,022-28362001,矿产
营口金鼎镁矿有限公司,秦书洋,20000000,元人民币,辽宁,0417-5284555,矿产
六枝特区佳顺焦化有限公司,朱连珍,20000000,元人民币,贵州,0858-5325906,矿产
中安亘大实业有限公司,杨礼国,20000000,元人民币,重庆,023-68088863,矿产
宜昌白洋港集装箱有限公司,范德钦,20000000,元人民币,湖北,0717-6288515,矿产
延边州茂恒能源发展有限公司,解相国,20000000,元人民币,吉林,13130406688,矿产
上海通安国际贸易有限公司,马红丽,20000000,元人民币,上海,18852110627,矿产
浙江鹏源供应链管理有限公司,戴志勇,20000000,元人民币,浙江,0574-56881506,矿产
山西山花实业有限公司,贺志强,20000000,元人民币,山西,0358-2298584,矿产
北京燕通水煤浆有限公司,翁柏秋,20000000,元人民币,北京,010-81337362,矿产
天津中润宝晨国际贸易有限公司,张绵科,20000000,元人民币,天津,13752714567,矿产
河北利冠承再生资源利用有限公司,张全德,20000000,元人民币,河北,18812051271,矿产
中鑫荣途（深圳）供应链管理有限公司,金维刚,20000000,元人民币,广东,13622885739,矿产
本溪津瑞科技有限公司,揭远珍,20000000,元人民币,辽宁,15274253487,矿产
深圳中运银盾实业有限公司,谭金润,20000000,元人民币,广东,13316817375,矿产
尚纬销售有限公司,李永华,20000000,元人民币,安徽,0553-6888888,矿产
上海潘辉工贸有限公司,李苏原,20000000,元人民币,上海,021-52195555,矿产
中盛（天津）商业集团有限公司,吴知勇,20000000,元人民币,天津,022-27111111,矿产
中农科物资（重庆）有限公司,万凯,20000000,元人民币,重庆,13316501713,矿产
中融鑫集团有限公司,陈诚,20000000,元人民币,北京,010-65268499,矿产
北京路通天虹科技集团有限公司,王建成,20000000,元人民币,北京,010-82666666,矿产
江苏宝D国际贸易有限公司,陆芹,20000000,元人民币,江苏,0513-87588087,矿产
河北遂泽实业有限公司,田险峰,20000000,元人民币,河北,0310-7511088,矿产
和静县备战矿业有限责任公司,高伟,21000000,元人民币,新疆,0996-5390346,矿产
吉林省银隆能源有限公司,李显江,21000000,元人民币,吉林,18686317122,矿产
陕西金栋矿业有限责任公司,张小莉,21000000,元人民币,陕西,13992208778,矿产
辽宁盛世源石油化工有限公司,徐长生,21000000,元人民币,辽宁,13322425246,矿产
枣庄国众矿业有限公司,孙茂军,21000000,元人民币,山东,18669638111,矿产
天津创欧商贸有限公司,苑振亮,21000000,元人民币,天津,022-27281366,矿产
北京天仁道和新材料有限公司,吴佩芳,21000000,元人民币,北京,010-62422284,矿产
贵州开磷集团股份有限公司,陈惠云,212368158,元人民币,贵州,0851-86989132,矿产
攀枝花仁江钒钛有限公司,张崇辉,21836790,元人民币,四川,0812-3506235,矿产
山西煤炭运销集团吕梁有限公司,王建军,22000000,元人民币,山西,0358-7621619,矿产
贵州胜有福矿业有限责任公司,谭川,22000000,元人民币,贵州,0854-2468758,矿产
三林万业（上海）企业集团有限公司,林逢生,222336000,元人民币,上海,021-50367878,矿产
河北兴华钢铁有限公司,陈茂春,22260000,元人民币,河北,0310-5173991,矿产
深圳市琪创能商贸有限公司,张瑜文,22405000,元人民币,广东,0755-88262503,矿产
河钢集团国际物流有限公司,杨春华,224300000,元人民币,河北,0311-66778531,矿产
曹妃甸港保税储运有限公司,王克生,22490000,元人民币,河北,0315-8850253,矿产
云南源源创新实业有限责任公司,唐铭书,22496478,元人民币,云南,0873-6132915,矿产
龙陵海螺水泥有限责任公司,黄小明,22500000,元人民币,云南,0875-6808707,水泥
辽宁连山钼业（集团）有限公司,张志新,22790000,元人民币,辽宁,0429-4707008,矿产
河北津西钢铁集团股份有限公司,于利峰,22863557,元人民币,河北,0315-5888174,矿产
江西方大钢铁集团有限公司,黄智华,103533900,元人民币,江西,0791-86753051,矿产
海南海钢集团有限公司,周湘平,101000000,元人民币,海南,26605815,矿产
丰丰国际新能源科技集团有限公司,宁宇,38000000,元人民币,辽宁,18640059592,能源
华贸能源（天津）集团有限公司,张学明,10500000,元人民币,天津,022-24163718,能源
北京华源鸿盛能源科技有限公司,张进,10000000,元人民币,北京,0731-84887488,能源
华电新能源发展有限公司,黄少雄,66321225,元人民币,北京,010-83567521,能源
河南中锐环科清洁能源集团有限公司,于靖雨,18000000,元人民币,河南,13137210086,能源
国网综合能源服务集团有限公司,任伟理,420000000,元人民币,北京,010-63505678,能源
天津神鹿能源有限公司,李子彬,10000000,元人民币,天津,022-58237832,能源
金科新能源有限公司,刘忠海,200000000,元人民币,北京,15110093931,能源
广东泰豪能源科技有限公司,许全,20000000,元人民币,广东,17770088658,能源
国电投（天津）分布式能源有限公司,张国山,30000000,元人民币,天津,18647540101,能源
深圳市欣旺达综合能源服务有限公司,李章溢,10000000,元人民币,广东,0755-86958041,能源
深圳塔菲尔新能源科技有限公司,龙绘锦,10000000,元人民币,广东,0755-26912148,能源
台达电子企业管理（上海）有限公司,郑崇华,79317000,元人民币,上海,021-68619090,能源
上海三亿新能源有限责任公司,冯建青,10000000,元人民币,上海,13205128061,能源
天津协合新能源发展有限公司,杨智峰,70000000,元人民币,天津,18571590505,能源
广东荣文科技集团有限公司,谭炜,18000000,元人民币,广东,0769-82288988,能源
路华能源科技（保山）有限公司,沈少美,28800000,元人民币,云南,0875-8886869,能源
西安隆基新能源有限公司,李振国,140000000,元人民币,陕西,029-81566686-8163,能源
庆阳翰达商贸有限公司,吴刚刚,1000000,元人民币,甘肃,18293421134,农副
亳州市富隆农业发展有限公司,张士均,1000000,元人民币,安徽,18133357111,农副
焦作盛方农业科技有限公司,赵天有,1000000,元人民币,河南,18336874048,农副
洛阳云在农业有限公司,雷风乐,1000000,元人民币,河南,13183067666,农副
深圳市北鼎科技有限公司,方镇,1000000,元人民币,广东,0755-26559917,农副
天津市林氏商贸有限公司,杨万玉,1000000,元人民币,天津,13389988033,农副
福建省三明诚品农牧有限责任公司,叶桂秀,1000000,元人民币,福建,13055555270,农副
荥阳市荥农农业有限公司,杨臣,1000000,元人民币,河南,15136401080,农副
安徽省亿米农业科技有限责任公司,任朝桂,1000000,元人民币,安徽,18155595447,农副
亳州市谯城区润兴农业发展有限责任公司,田嘉男,1000000,元人民币,安徽,18009670777,农副
南阳连众农业科技开发有限公司,李清太,1000000,元人民币,河南,15993145543,农副
甘肃农发福地生态农业有限公司,郑美佳,1000000,元人民币,甘肃,15002664488,农副
宿松县山川农业开发有限公司,陈周宇,1000000,元人民币,安徽,15855661622,农副
西双版纳常青藤进出口贸易有限公司,蒋超,1000000,元人民币,云南,13324989990,农副
宜春市袁州区江南红农产品有限公司,彭绍洪,1000000,元人民币,江西,13870581079,农副
洛川辉胜商贸有限责任公司,屈峰辉,1000000,元人民币,陕西,15592918111,农副
亳州市福赐农业发展有限公司,范义利,1000000,元人民币,安徽,15156766628,农副
抚州市东乡区云集汇贸易有限公司,曾青辉,1000000,元人民币,江西,13767634888,农副
吉林省海锐实业有限公司,苏小蕾,1000000,元人民币,吉林,18704393333,农副
山东臻膳堂食品有限公司,孙宁宇,1000000,元人民币,山东,13954878133,农副
黑龙江省禾赢农业科技有限责任公司,郭少峰,1000000,元人民币,黑龙江,13009751075,农副
北京盛京百汇商贸有限责任公司,安玉斌,1000000,元人民币,北京,13717879068,农副
河南康寿缘商贸有限公司,张国防,1000000,元人民币,河南,18603856178,农副
泰州市绿园生态农业发展有限公司,李桂华,1000000,元人民币,江苏,18852635777,农副
沈阳旭锦星农牧业科技有限公司,谢强,1000000,元人民币,辽宁,13940040300,农副
辽宁源鲜农业有限公司,王琦,1000000,元人民币,辽宁,13364131210,农副
重庆水生网生态农业发展有限公司,郭青,1000000,元人民币,重庆,023-89185630,农副
沈阳通和宏海商贸有限公司,郑亚琴,1000000,元人民币,辽宁,13516022588,农副
南召县旭峰农业发展有限公司,王兴旭,1000000,元人民币,河南,13525685606,农副
洛阳润世农业开发有限公司,王富生,1000000,元人民币,河南,13939903081,农副
辽宁凯瑞侬种子有限公司,黄颖,1000000,元人民币,辽宁,13840475599,农副
高密市鹰之眼国际贸易有限公司,单文,1000000,元人民币,山东,13615360222,农副
江苏兆坤商贸有限公司,吴强,1000000,元人民币,江苏,19906285200,农副
青岛黄海橡胶集团有限责任公司,王立宪,80000000,元人民币,山东,0532-68016591,橡塑
浙江三维橡胶制品股份有限公司,叶继跃,30441815,元人民币,浙江,0576-83518368,橡塑
荣成市华诚橡胶有限公司,杨卫忠,20000000,元人民币,山东,0631-7660666,橡塑
辽宁盛唐异戊橡胶有限公司,曹斌豫,35000000,元人民币,辽宁,13841996817,橡塑
浩普新材料科技股份有限公司,高学旗,36000000,元人民币,山东,0535-6973187,橡塑
山东祥通橡塑集团有限公司,张建鲁,30000000,元人民币,山东,0537-2935111,橡塑
江苏博生医用新材料股份有限公司,张吕义,20000000,元人民币,江苏,0523-83762398,橡塑
山东宏盛橡胶科技有限公司,张玉亮,30000000,元人民币,山东,0546-7799627,橡塑
四川海大橡胶集团有限公司,向春东,40600000,元人民币,四川,028-27729251,橡塑
百耐特（新兴）新材料科技有限公司,曲守礼,30000000,元人民币,广东,19925599109,橡塑
山东鑫瑞纳科技有限公司,刘瑞强,30000000,元人民币,山东,13626486363,橡塑
阜新双橡工矿橡塑制品有限公司,付殿文,20000000,元人民币,辽宁,0418-3860333,橡塑
青岛格锐达橡胶有限公司,杨洵,43823699,元人民币,山东,0532-86318129,橡塑
广西安格特橡胶科技有限公司,陈国旭,40000000,元人民币,广西,18680291681,橡塑
上海龙橡国际贸易有限公司,陈祖敬,20000000,元人民币,上海,18616113215,橡塑
云南天然橡胶产业股份有限公司,王伟,83000000,元人民币,云南,0871-63317855,橡塑
中粉国际（唐山）橡胶有限公司,彭加才,31399000,元人民币,河北,13930551159,橡塑
西安重装渭南橡胶制品有限公司,杨化民,37000000,元人民币,陕西,0913-8181258,橡塑
山东道远橡胶科技有限公司,郭克义,20000000,元人民币,山东,0546-6850222,橡塑
安徽中鼎减震橡胶技术有限公司,夏鼎湖,156400000,元人民币,安徽,0563-4185040,橡塑
亿峰橡胶制品有限公司,常付田,20000000,元人民币,湖北,0710-8190279,橡塑
江苏明珠硅橡胶材料有限公司,施纪洪,30000000,元人民币,江苏,0511-88223400,橡塑
广东省广垦橡胶集团有限公司,陈茗,231524697,元人民币,广东,020-87089486,橡塑
潍坊顺福昌橡塑有限公司,郭延顺,28000000,元人民币,山东,0536-5897366,橡塑
泰州市恒顺橡塑有限公司,施积文,21500000,元人民币,江苏,18051162158,橡塑
寿光市裴西橡塑有限公司,郭延顺,22005000,元人民币,山东,13780818175,橡塑
山东沃森橡胶有限公司,庞新城,21900000,元人民币,山东,0546-6893527,橡塑
宁夏回族自治区银川橡胶厂,胡平,31682000,元人民币,宁夏,0951-2045095,橡塑
天津海豚橡胶集团有限公司,李长贵,24810000,元人民币,天津,022-27276868,橡塑
海南安顺达橡胶制品有限公司,姚强,20889800,元人民币,海南,0898-67486397,橡塑
山东陆泰橡胶有限公司,韩吉涛,21800000,元人民币,山东,18765460896,橡塑
江苏华安橡胶科技有限公司,张贵文,28600000,元人民币,江苏,0527-88700000,橡塑
重庆永高塑业发展有限公司,卢震宇,25000000,元人民币,重庆,023-49211029,橡塑
康泰塑胶科技集团有限公司,林云青,28437000,元人民币,四川,028-82218233,橡塑
正新（漳州）橡胶工业有限公司,陈秀雄,95000000,元人民币,福建,0596-6888766,橡塑
广州橡发橡胶有限公司,罗明,39000000,元人民币,广东,020-22998899,橡塑
贵州先进橡胶科技产业有限公司,罗肖,50000000,元人民币,贵州,18311702203,橡塑
江苏润昌橡胶科技有限公司,李子松,50000000,元人民币,江苏,13852825830,橡塑
陕西有色新能源发展有限公司,范江峰,10000000,元人民币,陕西,029-88854226,有色金属
广晟有色金属股份有限公司,吴泽林,30180229,元人民币,海南,0898-68587830,有色金属
洛阳有色矿业集团有限公司,卢幼霞,54804000,元人民币,河南,0379-65266762,有色金属
西北有色地质矿业集团有限公司,秦西社,60000000,元人民币,陕西,029-85515980,有色金属
广西有色再生金属有限公司,刘湘平,50000000,元人民币,广西,0774-2591108,有色金属
广州南方有色金属有限公司,魏定泉,11518800,元人民币,广东,020-83226380,有色金属
深圳市中金岭南有色金属股份有限公司,余刚,356968533,元人民币,广东,0755-83474800,有色金属
湖南有色湘乡氟化学有限公司,刘峙军,34999900,元人民币,湖南,0731-56808683,有色金属
洛阳永宁有色科技有限公司,孙晋强,40000000,元人民币,河南,0379-63085712,有色金属
湖南省桂阳银星有色冶炼有限公司,杨克伟,20000000,元人民币,湖南,0735-4410168,有色金属
安阳市岷山有色金属有限责任公司,何秋安,17127500,元人民币,河南,0372-2727000,有色金属
云南迪庆有色金属有限责任公司,张旭东,194821000,元人民币,云南,0887-8989600,有色金属
陕西有色集团贸易有限公司,葛琦,50000000,元人民币,陕西,029-87420877,有色金属
甘肃厂坝有色金属有限责任公司,张鸿烈,250000000,元人民币,甘肃,0939-3203009,有色金属
湖南有色资产经营管理有限公司,赵志顺,33239690,元人民币,湖南,0731-85385520,有色金属
赤峰云铜有色金属有限公司,杨新国,94200756,元人民币,内蒙古,0476-5921338,有色金属
广东广物有色金属有限公司,黄小勇,10000000,元人民币,广东,020-32388591,有色金属
新疆有色金属工业集团稀有金属有限责任公司,胡春德,63800000,元人民币,新疆,0906-8781663,有色金属
新疆有色金属工业（集团）有限责任公司,张国华,155535613,元人民币,新疆,0991-4241560,有色金属
中科（洛阳）有色矿业有限公司,赵立峰,50000000,元人民币,河南,0379-60670379,有色金属
山煤有色金属有限公司,马国相,30000000,元人民币,广东,020-82196666,有色金属
南京华新有色金属有限公司,文辉,62082705,元人民币,江苏,025-85805588,有色金属
湖南有色国贸有限公司,刘党辉,10000000,元人民币,湖南,0731-8527115,有色金属
上海有色新材料（集团）有限公司,张敏祥,200194400,元人民币,上海,021-64188817,有色金属
广东广晟有色金属进出口有限公司,田朝安,10001500,元人民币,广东,020-87751294,有色金属
扬州市华翔有色金属有限公司,张永轩,19100000,元人民币,江苏,13852544849,有色金属
铜陵有色股份铜冠电工有限公司,魏安祥,43000000,元人民币,安徽,0562-5864048,有色金属
四川有色新材料科技股份有限公司,周益明,22650705,元人民币,四川,028-83185396,有色金属
招金有色矿业有限公司,李广辉,12000000,元人民币,山东,0535-8026055,有色金属
湖南株冶有色金属有限公司,黄忠民,240000000,元人民币,湖南,0734-7583008,有色金属
广州金邦有色合金有限公司,谭锦棠,40000000,元人民币,广东,020-81898180,有色金属
江西铃格有色金属加工有限公司,刘建龙,16000000,元人民币,江西,0791-82101515,有色金属
上海锐镐有色金属股份有限公司,徐扬,60000000,元人民币,上海,021-24150387,有色金属
温州有色冶炼有限责任公司,丁明利,10000000,元人民币,浙江,0577-88623592,有色金属
福清中金有色金属材料有限公司,俞美玲,17100000,元人民币,福建,0591-83336960,有色金属
水口山有色金属有限责任公司,黄安平,155000000,元人民币,湖南,0734-7582958,有色金属
大冶有色博源环保股份有限公司,袁静波,15000000,元人民币,湖北,0714-5397800,有色金属
昆明有色金属产业有限责任公司,李晨晟,10000000,元人民币,云南,0871-63202022,有色金属
楚雄滇中有色金属有限责任公司,徐翔,36820000,元人民币,云南,0878-3398052,有色金属
云南个旧有色冶化有限公司,车刚,10000000,元人民币,云南,0873-2671888,有色金属
陕西有色天宏新能源有限责任公司,胡俊辉,10000000,元人民币,陕西,029-33639500,有色金属
湖南有色新材料科技有限公司,傅崇伟,13500000,元人民币,湖南,0731-88555536,有色金属
株洲株冶有色实业有限责任公司,黄忠民,14000500,元人民币,湖南,0731-28390142,有色金属
南方有色金属开发有限公司,谭军,10000000,元人民币,广东,13602601228,有色金属
山东方圆有色金属科技有限公司,崔志祥,12000000,元人民币,山东,0546-8325868,有色金属
佛山市南海创利有色金属制品有限公司,陈志帮,10000000,港元,广东,0757-81162366,有色金属
洛阳有色经投矿业有限公司,王炜,15000000,元人民币,河南,18838828829,有色金属
上海亚德林有色金属有限公司,沈林根,10723860,元人民币,上海,13501998527,有色金属
广西聚龙有色金属有限公司,陈志光,21485811,元人民币,广西,0774-6023775,有色金属
广西有色矿产资源股份有限公司,王喜绍,80675748,元人民币,广西,13877138666,有色金属
赣州有色金属冶炼有限公司,魏柏万,13000000,元人民币,江西,0797-8251188,有色金属
内蒙古铜冠有色金属有限公司,赵守恒,20000000,元人民币,内蒙古,18356998880,有色金属
江西源丰有色金属有限公司,李新战,11200000,元人民币,江西,18770966750,有色金属
交城俊安有色焦化有限公司,赵俊来,20000000,元人民币,山西,0358-3538051,有色金属
铜陵有色金翔物资有限责任公司,李大军,10000000,元人民币,安徽,0562-5300227,有色金属
广西安恒有色集团有限公司,计乐天,30000000,元人民币,广西,13966763391,有色金属
天津瑞金有色金属贸易有限公司,包银杰,15000000,元人民币,天津,022-23262521,有色金属
广西有色华天冶金开发有限公司,雷伟明,10000000,元人民币,广西,0771-5586930,有色金属
湖南有色黄沙坪矿业有限公司,肖富国,18000000,元人民币,湖南,0735-4572224,有色金属
河南海成有色金属有限公司,任拴文,28382240,元人民币,河南,13298289808,有色金属
郴州市三和有色金属有限公司,李进新,10000000,元人民币,湖南,0735-4574998,有色金属
东营大善有色金属有限公司,刘金朋,30000000,元人民币,山东,18654944246,有色金属
青海润丰有色金属有限公司,杨秀宁,13330000,元人民币,青海,0971-4512298,有色金属
福建美佳有色金属有限公司,许新敏,20000000,元人民币,福建,18959152610,有色金属
河南三盛有色金属有限公司,刘要峰,20000000,元人民币,河南,18839883030,有色金属
广东广华有色地质矿业发展有限公司,陈勇,10000000,元人民币,广东,020-38336525,有色金属
浙江聚贸有色金属有限公司,陆宏翔,10000000,元人民币,浙江,0571-89801715,有色金属
铜陵有色铜冠铜箔有限公司,甘国庆,10000000,元人民币,安徽,0562-5863619,有色金属
上海金川有色金属有限公司,李少佳,11180000,元人民币,上海,15021822728,有色金属
抚顺大源有色金属有限公司,刘俊祥,20000000,元人民币,辽宁,024-58055238,有色金属
龙南县锴升有色金属有限公司,张日柱,20000000,元人民币,江西,0797-3544989,有色金属
上海闵悦有色金属有限公司,赵大海,10000000,元人民币,上海,021-62169608,有色金属
陕西中晶有色金属有限公司,王宝龙,13000000,元人民币,陕西,15877424719,有色金属
四川汇弘有色金属有限公司,黄冠南,100000000,元人民币,四川,028-69887942,有色金属
上海泰智有色金属有限公司,潘晓丽,20000000,元人民币,上海,021-60129860,有色金属
滨州新格有色金属有限公司,黄耀滨,11000000,元人民币,山东,0543-2101111,有色金属
四川西海有色金属有限公司,张峰,40000000,元人民币,四川,028-65511930,有色金属
新疆紫金有色金属有限公司,沙涛,30000000,元人民币,新疆,0908-4626363,有色金属
天津创信有色金属贸易有限公司,蔡和起,16200000,元人民币,天津,022-23262521,有色金属
陕西有色千阳产业扶贫有限公司,张军春,14000000,元人民币,陕西,0917-4241896,有色金属
重庆邻邦有色金属化工有限公司,龚泰华,10000000,元人民币,重庆,13908320539,有色金属
玉树州江霖有色金属有限公司,鄢阳华,30000000,元人民币,青海,13997066271,有色金属
梧州市永鑫有色金属有限公司,黄木俊,12000000,元人民币,广西,13637342822,有色金属
广东东岭有色金属贸易有限公司,朱涛,10000000,元人民币,广东,15289449588,有色金属
弥勒锌鑫有色电冶有限公司,阮宁,11195000,元人民币,云南,0873-6352869,有色金属
江苏德埔有色金属有限公司,许德富,10000000,元人民币,江苏,13093032606,有色金属
上海邦瑞有色金属有限公司,陈兆霞,10000000,元人民币,上海,021-62575802,有色金属
西藏树标有色金属有限公司,潘哲敏,11600000,元人民币,西藏,15289180711,有色金属
河南宸轩有色金属有限公司,黄朝军,10000000,元人民币,河南,13782477209,有色金属
湖北大冶有色售电有限公司,黄金刚,20000000,元人民币,湖北,0714-5392596,有色金属
青龙满族自治县歪桃山矿业有限公司,郭玉喜,20000000,元人民币,河北,17725578333,矿产
四川金能达矿业开发有限公司,杨志斌,20000000,元人民币,四川,028-86615155,矿产
青州泰和矿业有限公司,曲国明,20000000,元人民币,山东,0536-3785534,矿产
腾冲市恒益矿产品经贸有限责任公司,段治葵,20000000,元人民币,云南,0875-5856056,矿产
北京兴安富邦矿业有限公司,曲卫东,20000000,元人民币,北京,13701019558,矿产
四川茂源矿业开发有限公司,蔡立军,20000000,元人民币,四川,028-86615155,矿产
丰宁顺达矿业集团有限公司,王福国,20000000,元人民币,河北,15694947879,矿产
山东金岭铁矿有限公司,戴汉强,20000000,元人民币,山东,0533-3088000,矿产
广东天高矿业股份有限公司,李强,20000000,元人民币,广东,0762-7128196,矿产
内蒙古东大永元矿业集团有限公司,刘厚言,20000000,元人民币,内蒙古,18647694688,矿产
北票兴旺矿业有限公司,田永,20000000,元人民币,辽宁,0421-5606999,矿产
三门峡宝山矿业有限公司,李兴旺,20000000,元人民币,河南,13581915181,矿产
本溪矿业有限责任公司,包紫臣,20000000,元人民币,辽宁,024-45535817,矿产
安徽海瀚矿业有限公司,李仲保,20000000,元人民币,安徽,13956116663,矿产
山西潞安元丰矿业有限公司,胡学军,20000000,元人民币,山西,0355-5958760,矿产
河北恒辉矿业有限公司,王利宾,20000000,元人民币,河北,0319-8656967,矿产
湖北堰边上矿业有限公司,姜兴武,20000000,元人民币,湖北,0710-5069810,矿产
左权县鑫泰冶金矿山有限责任公司,马栋峰,20000000,元人民币,山西,18635433564,矿产
陕西炼石矿业有限公司,张政,20000000,元人民币,陕西,0914-7561445,矿产
巴彦淖尔市中石亿矿业有限公司,葛雅平,20000000,元人民币,内蒙古,0472-5216653,矿产
江苏地博矿山机械制造有限公司,王建敏,20000000,元人民币,江苏,13375126721,矿产
广德县青龙天石矿业有限责任公司,程继华,20900000,元人民币,安徽,0563-2232002,矿产
江西华威矿业有限公司,戴嘉托,20010000,元人民币,江西,0797-8103383,矿产
山东黄河三角洲矿盐化工有限公司,杨鹏昆,22200000,元人民币,山东,0546-7763576,矿产
武穴市东南矿业有限公司,吕武龙,30000000,元人民币,湖北,0713-6619108,矿产
内蒙古金湘矿业有限责任公司,胡志科,22600000,元人民币,内蒙古,18163715987,矿产
新疆汇祥永金矿业有限公司,王官宝,20000000,元人民币,新疆,0908-7666188,矿产
广西光正矿产业有限公司,李广安,30000000,元人民币,广西,0778-2453899,矿产
山东东平宏达矿业有限公司,段玉德,30000000,元人民币,山东,0538-2859666,矿产
湖南新龙矿业有限责任公司,张新念,30000000,元人民币,湖南,0739-3310162,矿产
宁夏华盈矿业开发有限公司,孙鹤林,30000000,元人民币,宁夏,0951-7861929,矿产
平顺县西沟矿业有限公司,郭维忠,30000000,元人民币,山西,13633403444,矿产
连云港恒鑫通矿业有限公司,乔力强,21000000,元人民币,江苏,0518-82301999,矿产
和静县备战矿业有限责任公司,高伟,26899000,元人民币,新疆,0996-5390346,矿产
江西省宜丰万国矿业有限公司,高明清,27792648,元人民币,江西,0795-2978377,矿产
青海长河矿业有限责任公司,吴苍松,24900000,元人民币,青海,0979-8431611,矿产
西钢集团灯塔矿业有限公司,于克伟,245084233,元人民币,辽宁,0419-6650003,矿产
济钢集团石门铁矿有限公司,金银高,30000000,元人民币,山东,18266710503,矿产
山东东平宏达矿业有限公司,段玉德,24080000,元人民币,山东,0538-2859666,矿产
安徽大昌矿业集团有限公司,籍随昌,230000000,元人民币,安徽,0564-6398001,矿产
本溪市忠旺矿业有限公司,刘忠仁,25000000,元人民币,辽宁,19845555555,矿产
四川锦宁矿业有限责任公司,黄斌,25231070,元人民币,四川,0834-6863088,矿产
金平长安矿业有限公司,张勋,26100000,元人民币,云南,0873-5305885,矿产
内蒙古光大矿业有限责任公司,赵满堂,30000000,元人民币,内蒙古,0476-2831555,矿产
湖南新龙矿业有限责任公司,张新念,24000000,元人民币,湖南,0739-3310162,矿产
石家庄煤矿机械有限责任公司,刘伟,230000000,元人民币,河北,0311-85538992,矿产
黄陵矿业煤矸石发电有限公司,张代,25000000,元人民币,陕西,0911-5585964,矿产
汉中嘉陵矿业有限责任公司,孙宏,25000000,元人民币,陕西,0916-4864470,矿产
辽阳兴华矿业有限公司,黄家级,29412064,元人民币,辽宁,15242219654,矿产
陕西金栋矿业有限责任公司,张小莉,238300000,元人民币,陕西,13992208778,矿产
大连石化矿区服务有限公司,张伟奎,20738000,元人民币,辽宁,0411-86772262,矿产
富蕴蒙库铁矿有限责任公司,马飞,23600000,元人民币,新疆,0906-8727881,矿产
兰陵县宝华矿业有限公司,李加海,22000000,元人民币,山东,0539-5482111,矿产
淮北石台矿业有限责任公司,毕善军,24955000,元人民币,安徽,0561-4934123,矿产
古田天宝矿业有限公司,潘德滨,30000000,元人民币,福建,0593-3518266,矿产
神华宁夏煤业集团红石湾煤矿有限责任公司,蒙鹏科,30000000,元人民币,宁夏,0951-6976508,矿产
宁夏华盈矿业开发有限公司,孙鹤林,30000000,元人民币,宁夏,0951-7861929,矿产
平顺县西沟矿业有限公司,郭维忠,20625000,元人民币,山西,13633403444,矿产
连云港恒鑫通矿业有限公司,乔力强,29844000,元人民币,江苏,0518-82301999,矿产
灵宝金源矿业股份有限公司,王军强,40152000,元人民币,河南,0398-8821890,矿产
枣庄国众矿业有限公司,孙茂军,40000000,元人民币,山东,18669638111,矿产
内蒙古玉龙矿业股份有限公司,袁志安,39292018,元人民币,内蒙古,0479-3529108,矿产
南陵县铜铁矿业有限责任公司,张贤锋,31100000,元人民币,安徽,18905626259,矿产
广西中金岭南矿业有限责任公司,刘益龙,40000000,元人民币,广西,0772-5225600,矿产
鄂尔多斯市昊华红庆梁矿业有限公司,马成甫,38004000,元人民币,内蒙古,0477-5160811,矿产
鞍钢集团关宝山矿业有限公司,伊志宣,40230660,元人民币,辽宁,0412-5625360,矿产
陕西省红石岩煤矿,杨伟,36000000,元人民币,陕西,0911-2612242,矿产
甘肃中石棉矿业有限公司,张彦军,45000000,元人民币,甘肃,0931-8616898,矿产
赤峰金都矿业有限公司,赵满堂,40000000,元人民币,内蒙古,0476-2831333,矿产
山东兴盛矿业有限责任公司,李运修,44081240,美元,山东,0539-2856288,矿产
青龙满族自治县天兴矿业有限公司,贾红霞,36556000,元人民币,河北,0335-7605878,矿产
山东淄矿物产有限公司,王震,45000000,元人民币,山东,0533-5858833,矿产
天津市石矿有限公司,司乃全,31000000,元人民币,天津,13302001015,矿产
通化钢铁集团板石矿业有限责任公司,吴波,50000000,元人民币,吉林,0439-3391612,矿产
陕西有色冶金矿业集团有限公司,虎尚友,20000000,元人民币,陕西,029-87421603,矿产
内蒙古乾宝矿业有限公司,张佰祥,20000000,美元,内蒙古,15047295588,矿产
左权县鑫瑞冶金矿山有限公司,蔡丰,20000000,元人民币,山西,0354-8848491,矿产
云南华西矿产资源有限公司,徐碧良,20000000,元人民币,云南,0871-67338660,矿产
泰安四方矿产开发有限公司,刘光敏,20000000,元人民币,山东,0538-6050765,矿产
广东锦田稀土矿产开发有限责任公司,罗国宝,20000000,元人民币,广东,18664802519,矿产
麻栗坡金玮矿产有限公司,HEJUNYING（贺军瑛）,20000000,元人民币,云南,0876-6500033,矿产
甘肃共和同创矿产资源开发有限公司,袁楷楷,20000000,元人民币,甘肃,13909394204,矿产
宜昌宜美城市矿产资源循环利用有限公司,陈刚,20000000,元人民币,湖北,0717-4400177,矿产
上海昊海矿产品有限公司,戴志祥,20000000,元人民币,上海,13301717170,矿产
山西吕梁山矿产品有限公司,陈波,20000000,元人民币,山西,18735821197,矿产
四川兴彭建设有限公司,黄磊,20000000,元人民币,四川,028-37613222,矿产
辽宁宏源矿产品贸易有限公司,赵平,20000000,元人民币,辽宁,13804919880,矿产
乌鲁木齐宇盛矿产品有限责任公司,宋志云,20000000,元人民币,新疆,0991-6992233,矿产
深圳市盛屯金属有限公司,翁嘉斌,20000000,元人民币,广东,0755-85158899,矿产
包头震雄铜业有限公司,金蔚,20000000,元人民币,内蒙古,0472-5117286,矿产
西和县中宝矿业有限公司,高玉杰,20000000,元人民币,甘肃,0939-6693519,矿产
信宜紫金矿业有限公司,刘明戍,20000000,元人民币,广东,0668-8125666,矿产
山东天久矿业有限公司,田学广,20000000,元人民币,山东,15550918159,矿产
山东开源矿业有限公司,刘玉诺,20000000,元人民币,山东,0539-6826888,矿产
山西安鑫煤业有限公司,陈玉富,20000000,元人民币,山西,0357-8569188,矿产
山西煤炭运销集团龙山煤业有限公司,宋青,20000000,元人民币,山西,13834760606,矿产
海南泰鑫矿业有限公司,曹远才,20000000,元人民币,海南,0898-36620831,矿产
苏尼特右旗建源矿业有限责任公司,范志强,20000000,元人民币,内蒙古,13848593888,矿产
山西煤炭运销集团龙达煤业有限公司,王国彪,20000000,元人民币,山西,0358-6771958,矿产
山西洪洞西山光道煤业有限公司,刘晋琦,20000000,元人民币,山西,0357-6315882,矿产
巨野鲁麟矿业有限公司,杨建祥,20000000,元人民币,山东,0530-8156319,矿产
新疆凌宝矿业有限公司,丁国强,20000000,元人民币,新疆,13899909456,矿产
浙江交投浦新矿业有限公司,曹根富,20000000,元人民币,浙江,0579-88077213,矿产
广东长富矿业有限公司,蔡之凯（KEN CAI）,20000000,元人民币,广东,15916009988,矿产
湖北永邦控股集团有限公司,孙道文,20000000,元人民币,湖北,0717-6253588,矿产
新疆华兴矿业有限责任公司,胡建明,20000000,元人民币,新疆,0991-4856486,矿产
陕西润基矿业有限公司,刘英,20000000,元人民币,陕西,0917-85692266,矿产
安徽地矿矿业发展有限公司,王玉贤,20000000,元人民币,安徽,0551-64652120,矿产
西藏五鑫矿业有限公司,牛乃儒,20000000,元人民币,西藏,13389263344,矿产
广元辰龙矿业开发有限公司,芦春,20000000,元人民币,四川,0839-3350908,矿产
四川金升矿业有限责任公司,王才双,20000000,元人民币,四川,028-87067916,矿产
泰安坤泰矿业有限公司,孟祥水,20000000,元人民币,山东,0538-6050765,矿产
青海南部矿业有限公司,陈智勇,20000000,元人民币,青海,0971-6143573,矿产
青海富康矿业资产管理有限公司,李世文,20000000,元人民币,青海,0971-8222777,矿产
兖矿铝业国际贸易有限公司,路敦常,20000000,元人民币,山东,0537-5380813,矿产
广东广新矿业资源集团有限公司,曾凡斌,28019420,元人民币,广东,020-89203702,矿产
深圳市华瑞矿业有限公司,李世新,21150000,元人民币,广东,010-61933600,矿产
诸暨市越盛矿业有限公司,黄天宇,46500000,元人民币,浙江,13735352188,矿产
北京城市矿产资源开发有限公司,黎章成,30000000,元人民币,北京,010-59682861,矿产
格林美（天津）城市矿产循环产业发展有限公司,唐丹,30000000,元人民币,天津,022-59186666,矿产
杭州热联矿产资源股份有限公司,陈瑾,29200000,元人民币,浙江,0571-85093617,矿产
云南天雄矿产开发有限公司,李术昌,50000000,元人民币,云南,0876-3125998,矿产
辽宁澳宝矿产有限公司,罗世良,23800000,元人民币,辽宁,18804155199,矿产
水城县羲源矿产开发有限公司,肖黎明,29539905,元人民币,贵州,0858-6763097,矿产
安徽铜冠矿产资源有限公司,周曙光,30000000,元人民币,安徽,0562-5860779,矿产
宁海宁东新城矿产有限公司,吴伟建,50000000,元人民币,浙江,0574-65105795,矿产
文山川信矿产有限责任公司,熊光军,50000000,元人民币,云南,13708204123,矿产
云南照昀矿产资源开发有限公司,周艳霞,22400333,元人民币,云南,0886-3212782,矿产
河北中久矿产品加工有限公司,龚春英,49800000,元人民币,河北,15933563800,矿产
厦门环资矿业科技股份有限公司,刘信平,20500000,元人民币,福建,17751567167,矿产
承德矿业集团有限责任公司,崔兴平,20005000,元人民币,河北,0314-2259882,矿产
四川峨胜集团石膏矿业有限公司,罗剑,20000000,元人民币,四川,0833-5571188,矿产
中南橡胶集团有限责任公司,杨杰,28000000,元人民币,湖北,0717-6370006,橡塑
山东威普斯橡胶股份有限公司,刘继松,32060000,元人民币,山东,0539-2507986,橡塑
浙江亿化橡胶股份有限公司,应军兴,41157226,元人民币,浙江,0576-87753010,橡塑
山东新大陆橡胶科技有限公司,隋红刚,24822637,元人民币,山东,0539-2655216,橡塑
宁波顺泽橡胶有限公司,许俊明,34132000,元人民币,浙江,0574-55838500,橡塑
云南高深橡胶有限公司,王珍胜,28000000,元人民币,云南,0871-63178555,橡塑
固恩治（青岛）工程橡胶有限公司,段长安,33600000,美元,山东,0532-83151203,橡塑
浙江双箭橡胶股份有限公司,沈耿亮,24000000,元人民币,浙江,0573-88531023,橡塑
杭州朝阳橡胶有限公司,沈金荣,20000000,元人民币,浙江,0571-86910787,橡塑
中策橡胶（建德）有限公司,沈金荣,18000000,元人民币,浙江,0571-58300686,橡塑
山纳合成橡胶有限责任公司,云华,25600000,元人民币,山西,0352-2894022,橡塑
山东华盛橡胶有限公司,张树林,23180000,元人民币,山东,0546-7799628,橡塑
天津市陆港石油橡胶有限公司,马世宏,48713000,元人民币,天津,022-23348998,橡塑
上海胶带橡胶（淮安）有限公司,张辉,26000000,元人民币,江苏,0517-85850008,橡塑
山东横滨橡胶工业制品有限公司,王永堂,30000000,美元,山东,0536-3343576,橡塑
山东隆源橡胶有限公司,徐国卫,31617000,元人民币,山东,0546-7085977,橡塑
河北九洲橡胶科技股份有限公司,李永亮,27377830,元人民币,河北,0312-6268888,橡塑
山东双王橡胶有限公司,张清光,40000000,元人民币,山东,0546-6891376,橡塑
南京扬子石化橡胶有限公司,束长好,18000000,元人民币,江苏,025-58561698,橡塑
山东涌金橡胶有限公司,王文学,19500000,元人民币,山东,0546-6286999,橡塑
四川远星橡胶有限责任公司,赵春,25700000,元人民币,四川,028-88348000,橡塑
山东功名橡胶科技有限公司,王魏魏,23588000,美元,山东,15098250288,橡塑
普利司通（惠州）合成橡胶有限公司,山形周平,32341000,美元,广东,0752-5596646,橡塑
江阴市安基橡胶工业有限公司,刘燕明,50000000,元人民币,江苏,0510-86278888,橡塑
辽宁胜友橡胶科技有限公司,陈金柱,20000000,元人民币,辽宁,0427-5687033,橡塑
山东多路驰橡胶股份有限公司,孙卫东,40004449,元人民币,山东,0536-3890788,橡塑
天津物产化轻陆港橡胶贸易有限公司,朱小英,30800000,元人民币,天津,022-24213539,橡塑
山东豪克国际橡胶工业有限公司,潘书昌,20000000,元人民币,山东,0535-2717012,橡塑
山东威格尔集团有限公司,王宪章,38382340,元人民币,山东,0534-2117666,橡塑
青岛裕龙盛捷国际物流有限公司,毛方国,22040000,元人民币,山东,0532-67798019,橡塑
河北环球科技股份有限公司,郭秀忠,34182000,元人民币,河北,0318-4312128,橡塑
宁波长鸿高分子科技股份有限公司,陶春风,35000000,元人民币,浙江,0574-55222087,橡塑
天津纺织集团有限公司,卞镇,38000000,元人民币,天津,13752246680,纺织
上海纺织发展有限公司,龚羽,23078000,元人民币,上海,021-53685688,纺织
邯郸发达纺织集团有限公司,刘茂昌,35000000,元人民币,河北,0310-3279999,纺织
浙江鸣春纺织股份有限公司,罗鸣,30800000,元人民币,浙江,0573-83837863,纺织
苏州纺织控股（集团）有限公司,孙德凤,34900790,元人民币,江苏,0512-65239705,纺织
无锡一棉纺织集团有限公司,周晔B,20560000,元人民币,江苏,0510-82832570,纺织
汶上如意技术纺织有限公司,王强,20639450,元人民币,山东,0537-7283111,纺织
青岛宏大纺织机械有限责任公司,邵明东,26000000,元人民币,山东,0532-88706783,纺织
华芳修武纺织有限公司,唐杰,33700000,元人民币,河南,0391-3807006,纺织
天津纺织集团天一有限公司,郝金水,41000000,元人民币,天津,022-60320335,纺织
上海嘉丰飞龙纺织有限公司,徐承杰,36000000,元人民币,上海,021-59520356,纺织
杭州炯华纺织有限公司,潘金满,21000000,元人民币,浙江,0575-87132267,纺织
宜宾天之华纺织科技有限公司,董坚强,22600000,元人民币,四川,18705736768,纺织
邯郸发达纺织印染有限责任公司,胡振江,21063985,元人民币,河北,0310-6210666,纺织
绍兴海峡纺织品有限公司,王涛,23000000,元人民币,浙江,15157510324,纺织
南昌银志纺织服装城实业有限公司,孙翔,43400000,元人民币,江西,13870809888,纺织
山东科宏纺织有限公司,吴建强,24336000,元人民币,山东,0632-5188811,纺织
青岛即发新恒纺织股份有限公司,张海云,20500000,元人民币,山东,0532-86593866,纺织
安徽华泰纺织有限公司,倪俊龙,35000000,元人民币,安徽,0556-5919892,纺织
江苏裕兴纺织有限公司,周庆贵,25800000,元人民币,江苏,13236198666,纺织
安徽华茂经纬新型纺织有限公司,倪俊龙,36000000,元人民币,安徽,0556-5919811,纺织
福建省亚新纺织有限公司,姚行善,26619480,元人民币,福建,13615050501,纺织
阿克苏联发纺织有限公司,于银军,20680000,元人民币,新疆,0997-2610686,纺织
东莞市成丰毛纺织有限公司,黄永鹏,20568000,元人民币,广东,13509807963,纺织
扬州永辉纺织科技有限公司,赵宏华,25077853,元人民币,江苏,0514-84627888,纺织
宜宾雅士德纺织有限公司,廖周荣,48000000,元人民币,四川,15298195023,纺织
新疆奥美医用纺织品有限公司,崔金海,40000000,元人民币,新疆,13239000066,纺织
石家庄常山恒新纺织有限公司,薛建昌,33239690,元人民币,河北,0311-85906200,纺织
铜仁福建天翔纺织实业有限公司,陈先进,37500000,元人民币,贵州,0856-3373729,纺织
东营安诺其纺织材料有限公司,纪立军,50000000,元人民币,山东,0546-3631677,纺织
霍尔果斯贤达纺织装备有限责任公司,周丽芳,200194400,元人民币,新疆,0999-8796873,纺织
河南玉秆绒纺织科技有限公司,刘爱英,43000000,元人民币,河南,18903726282,纺织
上海惠翱有色金属有限公司,周晓艳,22650705,元人民币,上海,021-23570351,有色金属
山东金升有色集团有限公司,徐德强,28382240,元人民币,山东,0539-8618338,有色金属
洛阳永宁有色科技有限公司,孙晋强,28000000,元人民币,河南,0379-63085712,有色金属
湖南有色资产经营管理有限公司,赵志顺,27100000,元人民币,湖南,0731-85385520,有色金属
巴彦淖尔紫金有色金属有限公司,陈鹏,30000000,元人民币,内蒙古,0478-4666953,有色金属
中科（洛阳）有色矿业有限公司,赵立峰,22013383,元人民币,河南,0379-60670379,有色金属
上海有色新材料（集团）有限公司,张敏祥,439884615,元人民币,上海,021-64188817,有色金属
铜陵有色股份铜冠电工有限公司,魏安祥,46714930,元人民币,安徽,0562-5864048,有色金属
四川有色新材料科技股份有限公司,周益明,42541427,元人民币,四川,028-83185396,有色金属
山西汇基有色金属有限公司,王建国,21450000,元人民币,山西,0357-3631273,有色金属
铜陵有色铜冠铜箔有限公司,甘国庆,25061600,元人民币,安徽,0562-5863619,有色金属
深圳金斯达贵金属材料有限公司,张贺源,39500000,元人民币,广东,13725502000,有色金属
西部金属材料股份有限公司,巨建辉,30772355,元人民币,陕西,029-86968418,有色金属
昆山建昌金属科技有限公司,李庆柏,40346651,元人民币,江苏,0512-57452345,有色金属
浙江甬金金属科技股份有限公司,虞纪群,31250000,元人民币,浙江,0579-88988807,有色金属
广东精艺金属股份有限公司,卫国,31441029,元人民币,广东,0757-26320089,有色金属
内蒙古德晟金属制品有限公司,张晓军,42952475,元人民币,内蒙古,0473-6951909,有色金属
东莞伟创力精密金属有限公司,陈光辉,21242000,元人民币,广东,0769-81003030,有色金属
柳州市品成金属材料有限公司,唐琦,31000000,元人民币,广西,0772-2515770,有色金属
山西太钢新钢联金属材料发展有限公司,周旭东,39000000,元人民币,山西,0351-5228671,有色金属
锦州钛金属有限公司,杨文成,20860000,元人民币,辽宁,0416-7183022,有色金属
波尔亚太（湖北）金属容器有限公司,马斌云,35998000,元人民币,湖北,0757-66851769,有色金属
德昌亚王金属材料有限责任公司,方罗,29900760,元人民币,四川,0834-5282124,有色金属
攀中伊红金属制品（重庆）有限责任公司,王国华,32500000,元人民币,重庆,023-67396798,有色金属
福建冠盖金属包装有限公司,陈民,35888000,元人民币,福建,0594-3696899,有色金属
苏州市永创金属科技有限公司,马力强,24000000,元人民币,江苏,0512-66520999,有色金属
青岛万德金属制品有限公司,徐燕顺,30000000,元人民币,山东,0532-84121072,有色金属
新疆昊坤金属制造有限公司,黄磊,40000000,元人民币,新疆,13199996332,有色金属
德清汇德金属科技有限公司,应东海,49467220,元人民币,浙江,0571-86272076,有色金属
连云港亨鑫金属制造有限公司,徐伟,30000000,元人民币,江苏,0518-50210045,有色金属
南通鸿劲金属铝业有限公司,张海泉,32000000,元人民币,江苏,0513-80600362,有色金属
波尔亚太（青岛）金属容器有限公司,马斌云,35256121,元人民币,山东,0532-68010215,有色金属
福建省铁生鑫废金属再生利用有限公司,翁彩连,29665340,元人民币,福建,18596678883,有色金属
湖州中景国际金属物流园发展有限公司,朱凤弟,270000000,元人民币,浙江,0572-2220321,有色金属
浙江物产金属集团有限公司,缪雷鸣,30000000,元人民币,浙江,0571-85271168,有色金属
陕西华泽镍钴金属有限公司,王涛,46170447,元人民币,陕西,029-88310063,有色金属
河北三信金属结构集团有限公司,魏可义,35998000,元人民币,河北,0318-4431006,有色金属
浙江科宇金属材料有限公司,姜少军,31079110,元人民币,浙江,0575-87068827,有色金属
江苏天舜金属材料集团有限公司,姚兰美,20485000,元人民币,江苏,0511-88208907,有色金属
新余新钢金属制品有限公司,冯小明,30000000,元人民币,江西,0790-6460888,有色金属
秦皇岛首秦金属材料有限公司,沈一平,50000000,元人民币,河北,0335-7127607,有色金属
海亮金属贸易集团有限公司,周巧云,20827000,元人民币,上海,021-62578549,有色金属
湖南柿竹园有色金属有限责任公司,何斌全,30000000,元人民币,湖南,0735-2612533,有色金属
泰安市鲁阳金属制品有限公司,郭大鹏,35800000,元人民币,山东,0538-5913707,有色金属
广东鸿劲金属铝业有限公司,陈洪成,30000000,元人民币,广东,0758-8513689,有色金属
甘肃招金贵金属冶炼有限公司,王春光,40000000,元人民币,甘肃,0932-2286396,有色金属
青海西豫有色金属有限公司,周华荣,26000000,元人民币,青海,0979-8437168-8167,有色金属
湖南湘钢金属材料科技有限公司,唐庆军,22220000,元人民币,湖南,0731-58653616,有色金属
荆州市群力金属铸造有限公司,陈清富,22560000,元人民币,湖北,0716-8372822,有色金属
天津天钢金属科技有限公司,菅希顺,24000000,元人民币,天津,022-59983862,有色金属
鑫古河金属（无锡）有限公司,王生,36000000,元人民币,江苏,0510-85342317,有色金属
贵州博宏小河金属铸业发展有限责任公司,罗其忠,21600000,元人民币,贵州,0858-6247171,有色金属
联港金属制品（福建）有限公司,潘枝钦,33588506,元人民币,福建,0593-6932588,有色金属
湖南宝山有色金属矿业有限责任公司,彭欣,24000000,元人民币,湖南,0735-4499513,有色金属
洛阳钼业集团贵金属有限公司,王乐乐,31000000,元人民币,河南,0379-60196612,有色金属
海盐浦发金属材料有限公司,鲁瑞良,20499874,元人民币,浙江,13906833693,有色金属
徐州汇能金属矿产有限公司,李广玉,29600000,元人民币,江苏,15190659986,有色金属
冷水江市泰和金属有限公司,王文魁,21000000,元人民币,湖南,0738-5555221,有色金属
玉溪汇溪金属铸造制品有限公司,魏积朝,24675000,元人民币,云南,0877-2782688,有色金属
湖南宇腾有色金属股份有限公司,谢志刚,38500000,元人民币,湖南,0735-2793666,有色金属
杭州兆创金属有限公司,尤光进,30000000,元人民币,浙江,13880536636,有色金属
东莞盛翔精密金属有限公司,蒋萍琴,30000000,元人民币,广东,0769-82737736,有色金属
江门金盛金属制品有限公司,黄启超,21878000,元人民币,广东,0750-8271822,有色金属
天津权健金属制品厂（普通合伙）,无,41500000,元人民币,天津,022-22201111,有色金属
郑州泰和金属材料有限公司,李勇,41432044,元人民币,河南,0371-62568207,有色金属
山东高科金属包装材料有限公司,马士国,20000000,元人民币,山东,13615492689,有色金属
池州市贵池区贵航金属制品有限公司,张义忠,20332000,元人民币,安徽,0566-5219999,有色金属
喀左县鑫丰金属制品有限公司,曾清俊,20000000,元人民币,辽宁,18940572333,有色金属
廊坊市苍督鹗糁破酚邢薰司,蔡苍,20000000,元人民币,河北,0316-2503700,有色金属
江苏海盛兴金属材料有限公司,杨海新,20388000,元人民币,江苏,15995375825,有色金属
山东盛阳金属科技股份有限公司,徐明华,20000000,元人民币,山东,0539-8921869,有色金属
波尔亚太（佛山）金属容器有限公司,马斌云,20000000,元人民币,广东,0757-66851755,有色金属
肇庆宏旺金属实业有限公司,刘自然,20000000,元人民币,广东,0758-3603881,有色金属
云南天浩稀贵金属股份有限公司,孙浩然,20000000,元人民币,云南,0871-62784849,有色金属
天津市辰青金属制品有限公司,张洪生,20000000,元人民币,天津,022-22146461,有色金属
福建省诚明金属冶炼有限公司,任献国,20000000,元人民币,福建,18965339083,有色金属
天津天钢联合金属制品有限公司,李树庆,20000000,元人民币,天津,022-59983862,有色金属
力金金属股份有限公司,项炳云,20000000,元人民币,浙江,0577-55892891,有色金属
福建航华金属制品有限公司,曾玲,64642254,元人民币,福建,13675001326,有色金属
新疆昊宇钛金属有限公司,孙昊,70000000,元人民币,新疆,15520017408,有色金属
山东中泽再生金属有限公司,张洪俊,87386100,元人民币,山东,0533-6201208,有色金属
江苏航宇金属制品有限公司,周定保,55600000,元人民币,江苏,0517-87213109,有色金属
廊坊市圣驰金属制品有限公司,蔡富荣,92689763,元人民币,河北,0316-2503700,有色金属
苏州东吉源金属科技有限公司,严晓伟,57836925,元人民币,江苏,0512-67685102,有色金属
山西亚欧有色金属有限公司,聂家兴,81649000,元人民币,山西,13703573193,有色金属
湖南展泰有色金属有限公司,曹圣金,76161759,元人民币,湖南,0735-3235846,有色金属
云南铜业凯通有色金属有限公司,罗勇,98131178,元人民币,云南,0871-62422547,有色金属
南京云海特种金属股份有限公司,梅小明,725879830,元人民币,江苏,025-57234888,有色金属
宁波兴业盛泰集团有限公司,胡明烈,66000000,元人民币,浙江,0574-63073255,有色金属
江西钨业股份有限公司,周少兵,81235000,元人民币,江西,0797-86285993,有色金属
河北四通新型金属材料股份有限公司,臧立国,624000000,元人民币,河北,0312-5806018,有色金属
湖南湘投金天钛金属股份有限公司,刘勇,69500000,元人民币,湖南,0731-88332810,有色金属
中信锦州金属股份有限公司,崔传海,85000000,元人民币,辽宁,0416-7186666,有色金属
江苏澳洋顺昌股份有限公司,CHEN KAI,60000000,元人民币,江苏,0512-58160000,有色金属
云南冶金新立钛业有限公司,刘红星,50000000,元人民币,云南,0878-4819607,有色金属
广东华υ偕资源有限公司,徐茂华,59272500,元人民币,广东,0757-81210500,有色金属
上海尚友实业集团有限公司,钟正,80000000,元人民币,上海,021-61812868,有色金属
新疆东方希望有色金属有限公司,王强,81381530,元人民币,新疆,0994-6851001,有色金属
江阴科玛金属制品有限公司,王珏,59286900,元人民币,江苏,0510-86065215,有色金属
霸州市新亚金属制品有限公司,薛顺义,70000000,元人民币,河北,0316-5680089,有色金属
北海诚德金属压延有限公司,黄庆周,60000000,元人民币,广西,0779-8527227,有色金属
天津京东英华贸易有限公司,徐欣,77000000,元人民币,天津,13811569475,有色金属
云南港新矿业有限公司,雷德君,82000000,元人民币,云南,0871-63163172,有色金属
上海均和集团有限公司,何旗,60000000,元人民币,上海,021-55888777,有色金属
铜陵有色金属有限责任公司,韦江宏,75040800,元人民币,安徽,0562-5861225,有色金属
扬州市秦邮特种金属材料有限公司,施家炎,30000000,元人民币,江苏,0514-80957690,有色金属
唐山盛财钢铁有限公司,宋志才,34369300,元人民币,河北,0315-4451166,有色金属
江苏星丰金属资源有限公司,崔传,30000000,元人民币,江苏,0516-83255080,有色金属
山东万通金属科技有限公司,陈英海,37659157,元人民币,山东,13792281722,有色金属
山东临港有色金属有限公司,徐博林,44684010,元人民币,山东,13645394520,有色金属
南丹县南方有色金属有限责任公司,周南方,35000000,元人民币,广西,0778-7358156,有色金属
江苏兴达特种金属复合线有限公司,刘锦兰,30000000,元人民币,江苏,0523-83783031,有色金属
金永和精工制造股份有限公司,张绍森,33496000,元人民币,山东,0536-2306156,有色金属
山西新星冶炼集团有限公司,杨龙龙,37000000,元人民币,山西,0358-6068028,有色金属
赤峰红烨锌冶炼有限责任公司,张拥华,30000000,元人民币,内蒙古,0476-8210117,有色金属
甘肃招金贵金属冶炼有限公司,王春光,34000000,元人民币,甘肃,0932-2286396,有色金属
青海华晟铁合金冶炼有限责任公司,杜利平,30000000,元人民币,青海,0971-4040406,有色金属
格尔木鼎升伟业冶炼有限公司,常亚文,40000000,元人民币,青海,0979-8434049,有色金属
来宾华锡冶炼有限公司,张冬生,32000000,元人民币,广西,0772-6682220,有色金属
山东金创金银冶炼有限公司,符金武,50000000,元人民币,山东,0535-3351078,有色金属
阿拉善盟泰宇冶炼有限公司,宋西兰,23500000,元人民币,内蒙古,18053108298,有色金属
乌拉特后旗瑞峰铅冶炼有限公司,闫万明,33218020,元人民币,内蒙古,15147851591,有色金属
锡林郭勒盟双源有色金属冶炼有限公司,李金钧,50800000,元人民币,内蒙古,15847969777,有色金属
洛阳永宁有色科技有限公司,孙晋强,56000000,元人民币,河南,0379-63085712,有色金属
河南金利金铅集团有限公司,成全明,73082545,元人民币,河南,0391-6891293,有色金属
四川会理鑫沙锌业有限责任公司,肖登华,21219710,元人民币,四川,0834-5683700,有色金属
甘肃中新房国创实业有限公司,潘国祥,36000000,元人民币,甘肃,13993785559,有色金属
云南玉溪钢铁集团玉昆钢铁有限公司,黄亨本,50000000,元人民币,云南,13759076493,钢铁
广州永胜钢铁制品有限公司,曹坤莲,30000000,美元,广东,020-62903668,钢铁
杭州钢铁厂小型轧钢股份有限公司,朱初标,30000000,元人民币,浙江,15990159291,钢铁
杭州益鑫钢铁有限公司,何枫,43000000,元人民币,浙江,15658159632,钢铁
江阴法尔胜钢铁制品有限公司,董东,224300000,元人民币,江苏,0510-86053510,钢铁
苏州日益升环保科技股份有限公司,曹建元,28033200,元人民币,江苏,0512-88876360,钢铁
云南昆钢冶金新材料股份有限公司,许江浩,30000000,元人民币,云南,0871-68605258,钢铁
山东中悦薄板科技有限公司,崔利平,37363300,元人民币,山东,0543-5032271,钢铁
贝卡尔特（青岛）钢丝产品有限公司,于达明,50050000,美元,山东,0532-80983075,钢铁
天津市铨赢科技发展有限公司,张海波,23560000,元人民币,天津,022-23298866,钢铁
天津市博瑞创展国际贸易有限公司,郝强,60000000,元人民币,天津,18622887031,钢铁
天物通用（天津）国际贸易有限公司,禹作胜,25000000,元人民币,天津,022-58896011,钢铁
河钢集团衡水板业有限公司,刘凤潮,41902724,元人民币,河北,0318-2123762,钢铁
河钢集团国际物流有限公司,杨春华,54984418,元人民币,河北,0311-66778531,钢铁
白山市天安金属镁矿业有限公司,沈世捷,22320891,元人民币,吉林,0439-5117855,钢铁
防城港津西型钢科技有限公司,胥明旺,30000000,元人民币,广西,13832867570,钢铁
山东钜汇铁路物资有限公司,马琳,34630000,元人民币,山东,13793517037,钢铁
宿迁南钢金鑫轧钢有限公司,林国强,25000000,元人民币,江苏,0527-84453913,钢铁
德州精贵铸件集团有限公司,官章美,41187000,元人民币,山东,13255996766,钢铁
湖南博长控股集团有限公司,陈代富,604030000,元人民币,湖南,13873837191,钢铁
苏州佳发重工科技有限公司,朱建刚,626811777,元人民币,江苏,13915772512,钢铁
江苏宏大特种钢机械厂有限公司,朱圣财,28051400,元人民币,江苏,0523-80738680,钢铁
希杰荣庆物流（太仓）有限公司,鱼在赫,300000000,元人民币,江苏,021-59907809,钢铁
东北特钢集团大连精密合金有限公司,王会民,25000000,元人民币,辽宁,0411-62697211,钢铁
天津鞍钢天铁冷轧薄板有限公司,刘超英,33218020,元人民币,天津,022-60309715,钢铁
淄博张钢制铁铸管有限公司,卿玉国,30000000,元人民币,山东,0533-3183125,钢铁
河北太行钢铁集团有限公司,张镭,25000000,元人民币,河北,0310-5631588,钢铁
福建三宝钢铁有限公司,王光文,85994690,元人民币,福建,0596-2588168,钢铁
安徽首矿大昌金属材料有限公司,孙志刚,31000000,元人民币,安徽,0564-6398966,钢铁
洋浦西部钢铁有限公司,李远波,23750000,元人民币,海南,13627551188,钢铁
云南玉溪钢铁集团玉昆钢铁有限公司,黄亨本,56000000,元人民币,云南,13759076493,钢铁
河北铭镔钢铁有限公司,高万军,73082545,元人民币,河北,0310-5919442,钢铁
连云港亚新钢铁有限公司,陈敏,21219710,元人民币,江苏,0518-80927688,钢铁
杭州益鑫钢铁有限公司,何枫,50000000,元人民币,浙江,15658159632,钢铁
杭州钢铁厂小型轧钢股份有限公司,朱初标,36000000,元人民币,浙江,15990159291,钢铁
江阴法尔胜钢铁制品有限公司,董东,300000000,元人民币,江苏,0510-86053510,钢铁
中冶赛迪集团有限公司,肖学文,277465930,元人民币,重庆,023-63548131,钢铁
广州广日股份有限公司,蔡瑞雄,25000000,元人民币,广东,020-38319238,钢铁
河北钢铁集团滦县常峪铁矿有限公司,张耀平,473961000,元人民币,河北,0315-7395701,钢铁
四川德胜集团钒钛有限公司,宋德安,30000000,元人民币,四川,0833-3485855,钢铁
苏州日益升环保科技股份有限公司,曹建元,272180000,元人民币,江苏,0512-88876056,钢铁
云南昆钢冶金新材料股份有限公司,许江浩,224300000,元人民币,云南,0871-68605258,钢铁
山东中悦薄板科技有限公司,崔利平,24000000,元人民币,山东,0543-5032271,钢铁
河钢集团北京国际贸易有限公司,刘键,600000000,元人民币,北京,010-85897800,钢铁
武汉武钢绿色城市技术发展有限公司,孙勤刚,30000000,元人民币,湖北,027-86893010,钢铁
天津市铨赢科技发展有限公司,张海波,710000000,元人民币,天津,022-23298866,钢铁
天津市博瑞创展国际贸易有限公司,郝强,22850000,元人民币,天津,18622887031,钢铁
武钢资源集团有限公司,熊新海,25000000,元人民币,湖北,027-86488419,钢铁
天物通用（天津）国际贸易有限公司,禹作胜,950000000,元人民币,天津,022-58896011,钢铁
河钢集团衡水板业有限公司,刘凤潮,21000000,元人民币,河北,0318-2123762,钢铁
河钢集团国际物流有限公司,杨春华,36018000,元人民币,河北,0311-66778531,钢铁
白山市天安金属镁矿业有限公司,沈世捷,30000000,元人民币,吉林,0439-5117855,钢铁
防城港津西型钢科技有限公司,胥明旺,65500000,元人民币,广西,13832867570,钢铁
上海均和集团国际贸易有限公司,何旗,50050000,元人民币,上海,021-55888777,钢铁
苏州融亨建设劳务工程有限公司,周月锦,23560000,元人民币,江苏,15162523959,钢铁
上海威耀实业有限公司,贺荣明,60000000,元人民币,上海,021-51315131,钢铁
上海均和集团有限公司,何旗,41902724,元人民币,上海,021-55888777,钢铁
天津创欧商贸有限公司,苑振亮,54984418,元人民币,天津,022-27281366,钢铁
江苏物华工程技术有限公司,陈寅,22320891,元人民币,江苏,025-52123223,钢铁
福建三钢小蕉实业发展有限公司,程凯群,30000000,元人民币,福建,0598-7995161,钢铁
山东钜汇铁路物资有限公司,马琳,30000000,元人民币,山东,13793517037,钢铁
中恒能源开发（大连）有限公司,刘淑珍,55760000,元人民币,辽宁,13604251502,钢铁
宿迁南钢金鑫轧钢有限公司,林国强,373737370,元人民币,江苏,0527-84453913,钢铁
德州精贵铸件集团有限公司,官章美,25000000,元人民币,山东,13255996766,钢铁
湖南博长控股集团有限公司,陈代富,20000000,元人民币,湖南,13873837191,钢铁
苏州佳发重工科技有限公司,朱建刚,20000000,元人民币,江苏,13915772512,钢铁
江苏宏大特种钢机械厂有限公司,朱圣财,20000000,元人民币,江苏,0523-80738680,钢铁
希杰荣庆物流（太仓）有限公司,鱼在赫,20000000,元人民币,江苏,021-59907809,钢铁
东北特钢集团大连精密合金有限公司,王会民,20000000,元人民币,辽宁,0411-62697211,钢铁
天津鞍钢天铁冷轧薄板有限公司,刘超英,20000000,元人民币,天津,022-60309715,钢铁
武钢日铁（武汉）镀锡板有限公司,MIYAMOTO KATSUHIRO（宫本胜弘）,20000000,元人民币,湖北,027-86219283,钢铁
江苏海企化工仓储股份有限公司,史先召,20000000,元人民币,江苏,0523-86991200,化工
广西钦州澄星化工科技有限公司,徐剑,20000000,元人民币,广西,0777-5881318,化工
襄阳泽东化工集团有限公司,赵俊华,20000000,元人民币,湖北,0710-3723626,化工
天津渤海化工有限责任公司,王俊明,20000000,元人民币,天津,022-58980325,化工
内蒙古盛安化工有限责任公司,张勇,20000000,元人民币,内蒙古,0478-4611666,化工
广西京盛石油化工集团有限公司,张红仿,20000000,元人民币,广西,0777-2569028,化工
内蒙古多蒙德冶金化工集团有限公司,赵明,20000000,元人民币,内蒙古,0474-3914666,化工
洛阳永金化工有限公司,宋宪生,20000000,元人民币,河南,0379-67938789,化工
扬州市华茂化工实业有限公司,曾晓明,20000000,元人民币,江苏,0514-83298180,化工
青岛润农化工有限公司,袁良国,20000000,元人民币,山东,15263698991,化工
唐山邦力晋银化工有限公司,王立银,20000000,元人民币,河北,0315-6163202,化工
福化工贸（漳州）有限公司,傅景锋,20000000,元人民币,福建,0592-5229233,化工
湖北铜化昊坤化工有限公司,黄荣,20000000,元人民币,湖北,0717-3991166,化工
宜宾天蓝化工有限责任公司,陈洪,20000000,元人民币,四川,0831-3837122,化工
山东睿泽化工科技有限公司,丁洪成,20000000,元人民币,山东,0533-7691669,化工
天物化工有限公司,王强,20000000,元人民币,天津,022-24213539,化工
山西沃能化工科技有限公司,郑家强,20000000,元人民币,山西,0357-5528182,化工
河南永银化工实业有限公司,陆涛,20000000,元人民币,河南,13653996007,化工
惠州东鑫化工有限公司,周正光,20000000,元人民币,广东,15816493562,化工
嘉兴杭州湾石油化工物流有限公司,丁送平,20000000,元人民币,浙江,0573-85532017,化工
山东天成万丰化工科技有限公司,朱年德,20000000,元人民币,山东,0537-3126193,化工
乌海宝化万辰煤化工有限责任公司,吴建,20000000,元人民币,内蒙古,0473-2661059,化工
江阴盛汉化工有限公司,张晓蓉,20000000,元人民币,江苏,0510-86660026,化工
利华益神剑化工有限公司,王延坤,20000000,元人民币,山东,0546-5612638,化工
辽宁兴德化工有限公司,朱兴建,20000000,元人民币,辽宁,0412-8228395,化工
沈阳中商石油化工有限公司,马卫宝,20000000,元人民币,辽宁,15702478872,化工
金昌氨碱源化工有限公司,甘宪福,20000000,元人民币,甘肃,18409441194,化工
北京市谷丰化工制品有限公司,王婉娇,20000000,元人民币,北京,010-60995933,化工
湖南昊天化工有限公司,何锦升,20000000,元人民币,湖南,0736-3220838,化工
淄博爱博特化工有限公司,张仁波,20000000,元人民币,山东,0533-3589662,化工
内蒙古伊泰宁能精细化工有限公司,刘尚利,20000000,元人民币,内蒙古,0477-6820111,化工
江西汇和化工有限公司,章辉祥,20000000,元人民币,江西,18000725299,化工
营口兴福化工有限公司,郭振伟,20000000,元人民币,辽宁,0417-5201666,化工
山东大明精细化工有限公司,李家健,20000000,元人民币,山东,0546-8875867,化工
龙翔恒宇化工有限公司,邹家雄,20000000,元人民币,福建,13779906655,化工
宁夏金油化工有限公司,刘杰,20000000,元人民币,宁夏,0951-5699917,化工
云南天腾化工有限公司,丁丙能,20000000,元人民币,云南,0878-8969618,化工
厦门象屿化工有限公司,齐卫东,20000000,元人民币,福建,0592-5603798,化工
山东骏恒化工有限公司,刘爱霞,20000000,元人民币,山东,18364397778,化工
单县太阳化工有限公司,王清月,20000000,元人民币,山东,15550198857,化工
新疆粤新能源化工有限公司,范志强,20000000,元人民币,新疆,15309926553,化工
内蒙古石油化工有限公司,吴青山,20000000,元人民币,内蒙古,15148217703,化工
云浮威斯达化工有限公司,许炳昌,20000000,元人民币,广东,15207665694,化工
湖南创大玉兔化工有限公司,何汉云,20000000,元人民币,湖南,0734-8300844,化工
沈阳北方石油化工有限公司,迟永峰,20000000,元人民币,辽宁,18640248988,化工
内蒙古新丝路石油化工有限公司,安书文,20000000,元人民币,内蒙古,13304712789,化工
山西晋光化工有限公司,雷崇辉,20000000,元人民币,山西,0359-5796899,化工
辽宁圣德华星化工有限公司,班立民,25400000,元人民币,辽宁,0419-8321888,化工
新疆锦同泰能源化工有限公司,陈湘云,51500000,元人民币,新疆,15309926553,化工
连云港港海化工有限公司,范建民,31500000,元人民币,江苏,0518-86859208,化工
山东易天健化工有限公司,丁立斌,100000000,元人民币,山东,0538-7382679,化工
山东嘉和盛化工有限公司,巴奉良,80000000,元人民币,山东,0546-2068256,化工
安庆市鑫富化工有限责任公司,胡益辉,76000000,元人民币,安徽,0556-5349238,化工
濮阳市茂源化工实业有限公司,叶宝良,44300000,元人民币,河南,0393-5929881,化工
天鼎幸福石油化工有限公司,赵烨,50000000,元人民币,湖北,15672633356,化工
浙江赛亚化工材料有限公司,周杰文,24000000,元人民币,浙江,0575-82733092,化工
辽宁瑞锦石油化工有限公司,刘广东,100000000,元人民币,辽宁,18342738111,化工
上海泰元石油化工有限公司,金晓忠,45000000,元人民币,上海,13625804544,化工
黑龙江四达农副产品有限公司,刘相林,20160000,元人民币,黑龙江,0469-4693000,农副
南通农副产品物流有限公司,王立辉,40000000,元人民币,江苏,0513-89152209,农副
杭州农副物流管理有限公司,金建平,36300000,元人民币,浙江,0571-89168635,农副
河北新发地农副产品有限公司,米亚林,50000000,元人民币,河北,0312-2961187,农副
沈阳地利农副产品有限公司,耿孝国,30000000,元人民币,辽宁,024-28207071,农副
长春地利农副产品有限公司,宋东生,50200000,元人民币,吉林,0431-81871077,农副
洛阳宏进农副产品批发市场有限公司,陈振康,160160000,元人民币,河南,0379-69936001,农副
锦州思凯农副产品国际物流园有限公司,黄延成,89265000,元人民币,辽宁,0416-8081095,农副
贵阳市惠民民生农副产品经营有限公司,黄德泽,40000000,元人民币,贵州,0851-85209918,农副
钦州宏进农副产品批发市场有限公司,陈振康,50000000,元人民币,广西,0777-2857272-8001,农副
浙江好升亿农副产品有限公司,张玲志,138000000,元人民币,浙江,0571-88602139,农副
三河市隆瑞农副产品物流有限公司,孙冬平,35997120,元人民币,河北,021-52289666,农副
成都市嘉泰农副产品营销有限责任公司,周亚兵,200000000,元人民币,四川,028-83691988,农副
贵州双龙现代农副产品批发市场有限公司,刘雯玲,45000000,元人民币,贵州,0854-4978398,农副
上海上蔬农副产品有限公司,孙健,28000000,元人民币,上海,021-22318666,农副
宁波农副产品物流中心有限公司,楼松松,69800000,元人民币,浙江,0574-88568885,农副
广水市江丰农副产品经销部（普通合伙）,黎小月,82515000,元人民币,湖北,13972997103,农副
上海群狮农副产品股份有限公司,邵建华,50000000,元人民币,上海,021-61063305,农副
北京锦绣大地联合农副产品批发市场有限公司,张颖,50000000,元人民币,北京,010-88207706,农副
吉林省佳亿农副产品贸易有限公司,闫雪地,20690000,元人民币,吉林,18543112285,农副
贵州利千和农副产品批发有限公司,刘雯玲,20000000,元人民币,贵州,0854-4978398,农副
丹阳市丹N农副产品发展有限公司,戎庭芳,301000000,元人民币,江苏,0511-86883289,农副
陇西晟农农副产品购销农民专业合作社联合社,马正昌,25490000,元人民币,甘肃,0932-6666989,农副
安徽海中龙农业股份有限公司,丁永贵,135246131,元人民币,安徽,19956799715,农副
南京众彩农副产品批发市场有限公司,金华,13166000,元人民币,江苏,025-87107603,农副
四川省西点能源有限公司,徐红,20000000,元人民币,四川,028-83321151,能源
天宏阳光新能源有限公司,黄小红,30937500,元人民币,河北,15210282215,能源
杭州桑尼能源科技股份有限公司,李新富,23000000,元人民币,浙江,0571-58509391,能源
九州方园新能源股份有限公司,杨安文,223464187,元人民币,湖北,0717-4608888,能源
赫普能源环境科技股份有限公司,崔华,12500000,元人民币,北京,13671206983,能源
浙江三亿能源有限公司,韩仪,12916667,元人民币,浙江,15381189713,能源
协鑫能源科技股份有限公司,朱钰峰,21538460,元人民币,江苏,0510-86520150,能源
四川华信能源集团有限公司,罗小平,26000000,元人民币,四川,028-65318777,能源
索日新能源股份有限公司,吴海滨,100000000,元人民币,浙江,0576-82956600,能源
苏州中来民生能源有限公司,张育政,14000000,元人民币,江苏,13761028365,能源
青海绿草地新能源科技有限公司,王珑,100000000,元人民币,青海,14797009749,能源
云南解化清洁能源开发有限公司,王磊,31300000,元人民币,云南,0871-66371933,能源
河南睿光新能源科技有限公司,赵颜,111600000,元人民币,河南,15538093888,能源
江西捷控新能源科技有限公司,徐晨阳,60000000,元人民币,江西,0793-6321178,能源
山西臣功新能源科技有限公司,孙俊彪,5102041,元人民币,山西,0351-5256881,能源
广西航天北斗新能源产业科技有限公司,农友华,20001000,元人民币,广西,0774-3830356,能源
深圳乾泰能源再生技术有限公司,张树全,22000000,元人民币,广东,0755-84671555,能源
上海攀业氢能源科技有限公司,袁呈欣,14300000,元人民币,上海,021-67102391-889,能源
天臣新能源（深圳）有限公司,田钢,60000000,元人民币,广东,0755-82788237,能源
山东高佳新能源有限公司,刘泽锟,13200000,元人民币,山东,0546-7757058,能源
上海泰阳绿色能源有限公司,郑宏舫,15000000,元人民币,上海,021-64081888,能源
巨力新能源股份有限公司,黄东申,10100000,元人民币,河北,0312-5851030,能源
运鸿集团股份有限公司,吴东,120000000,元人民币,湖北,027-87001923,能源
北京绿能嘉业新能源有限公司,王敏,12000000,元人民币,北京,010-89029906,能源
中和聚（北京）能源有限公司,魏向军,12000000,元人民币,北京,010-88862882,能源
湖南卓易达能源技术有限公司,廖学东,25000000,元人民币,湖南,0731-88619933,能源
江苏厚生新能源科技有限公司,李万寿,15000000,元人民币,江苏,13151267558,能源
杭州金马新能源科技有限公司,李孝良,100000000,元人民币,浙江,0571-83508188,能源
江苏奥斯康新能源有限公司,帅立朋,20800000,元人民币,江苏,13775799628,能源
山东华创新能源有限公司,高朋,58000000,元人民币,山东,0531-67618888,能源
广东中欧芒果新能源科技有限公司,陈佩纯,14600000,元人民币,广东,13922190778,能源
山西皇城相府中道能源有限公司,郭李占,14880000,元人民币,山西,0356-2136158,能源
山东锦添新能源科技有限公司,陈静,16000000,元人民币,山东,13853623801,能源
内蒙古龙泰新型环保建材有限责任公司,王海,16096000,元人民币,内蒙古,0483-3991606,建材
四川博利莱建材集团有限公司,刘元峰,20000000,元人民币,四川,18080415267,建材
长治市诚远建材集团有限公司,郭军,20000000,元人民币,山西,15503551018,建材
青海博友建材有限公司,唐远平,50000000,元人民币,青海,0971-2277582,建材
广州雅丰新型建材有限公司,陈璐琳,15000000,元人民币,广东,13570915351,建材
南宁狮座建材有限公司,黄恒庆,50000000,元人民币,广西,13707714006,建材
呼和浩特市鹏元天恒建材有限责任公司,周雪飞,19500000,元人民币,内蒙古,15647174266,建材
诺菲博尔建材销售（北京）有限公司,于海琳（YU HAILIN）,50000000,元人民币,北京,010-59601606,建材
安徽女神建材科技集团有限公司,宋定昌,25000000,元人民币,安徽,18919682777,建材
河北明营建材科技股份有限公司,刘建成,21000000,元人民币,河北,0315-5358858,建材
山东儒新新型建材科技有限公司,阎新刚,19800818,元人民币,山东,13356653590,建材
山西鹏宝沃特建材有限公司,郝晓明,50000000,元人民币,山西,18435384240,建材
常州建鑫建材有限公司,王婷,58000000,元人民币,江苏,0519-82596111,建材
常州邦泰建材有限公司,冯樱,30000000,元人民币,江苏,0519-82596111,建材
滨州市洋海建材有限公司,李忠文,16000000,元人民币,山东,18266557721,建材
厦门益材新型建材有限责任公司,朱力,30000000,元人民币,福建,0592-6306571,建材
滨州市友康建材有限公司,王维杰,15000000,元人民币,山东,18254390151,建材
苏州广成建材有限公司,俞雄华,15000000,元人民币,江苏,13906136163,建材
广西义来建材有限公司,田心静,20000000,元人民币,广西,18915360826,建材
福建锐丰建材有限公司,林毅,30000000,元人民币,福建,18259049777,建材
洛阳西芝建材有限公司,崔高峰,15177000,元人民币,河南,13783577374,建材
北京五邦建材有限公司,甘刘义,20000000,元人民币,北京,010-62166093,建材
中邦嘉诚建材有限公司,马康康,15000000,元人民币,河南,13562222351,建材
潍坊一诺建材有限公司,刘P,30000000,元人民币,山东,13356366777,建材
辽宁天资建材有限公司,李墨雪,18000000,元人民币,辽宁,13352108487,建材
广西博望建材有限公司,洪荣春,20000000,元人民币,广西,18675883506,建材
洪洞平安恒利建材有限公司,马云港,20000000,元人民币,山西,18234012795,建材
深圳新鼎元建材有限公司,孟飞,20000000,元人民币,广东,13938539181,建材
福建德胜新建材有限公司,朱祥辉,50000000,元人民币,福建,13950443502,建材
淮南鸿宇新型建材有限公司,李伯广,50000000,元人民币,安徽,18855422445,建材
福建砼艺建材有限公司,杨钦云,15000000,元人民币,福建,13600865580,建材
南阳市大帝建材有限公司,林文辉,60000000,元人民币,河南,0377-60577100,建材
武汉二舍建材有限公司,林向英,20000000,元人民币,湖北,13971330529,建材
嘉祥蓬生建材有限公司,权志浩,15000000,元人民币,山东,15376573691,建材
安徽铁庆建材有限公司,张家甫,40000000,元人民币,安徽,13956829536,建材
滕州市荣杰建材有限公司,李涛,36800000,元人民币,山东,18906370804,建材
连云港立善建材有限公司,洪立树,23000000,元人民币,江苏,18961310138,建材
重庆瑞新建材加工有限公司,赵伟,60000000,元人民币,重庆,15978970709,建材
湖北亿富轩建材有限公司,刘金龙,20000000,元人民币,湖北,17070016282,建材
扬中市磊鑫建材有限公司,孙国华,20000000,元人民币,江苏,13806144812,建材
黔南州宏安建材有限公司,汤礼平,15800000,元人民币,贵州,18985958833,建材
涞源县增志建材有限公司,吴容生,16000000,元人民币,河北,0312-7844500,建材
枣庄金之石建材有限公司,侯坤,100000000,元人民币,山东,17862777777,建材
肥城市永钜建材有限公司,杨吉钊,30000000,元人民币,山东,15949828378,建材
武陟县子轩建材有限公司,刘艳玲,30000000,元人民币,河南,13782655669,建材
徐州市光驰新型建材有限公司,蔺丹,17000000,元人民币,江苏,15895232387,建材
环盛（福建）新型建材科技有限公司,施议权,36880000,元人民币,福建,0596-5563333,建材
广东中拓建设建材有限公司,李仕强,15000000,元人民币,广东,13902256813,建材
北京远东环渤海建材有限公司,顾瑶瑶,15000000,元人民币,北京,13381456982,建材
无极卡森建材装饰城有限公司,葛东平,6000000,元人民币,河北,0311-86315444,建材
中海洋新型建材股份有限公司,虞国玉,36000000,元人民币,江苏,0511-86500590,建材
常德权友建材贸易有限公司,易德权,20000000,元人民币,湖南,18974277518,建材
湖南豪龙环保建材有限公司,赵岳军,20000000,元人民币,湖南,15257178510,建材
龙口市山江建材有限公司,孙迎秋,15950000,元人民币,山东,15762346818,建材
苏州任华节能建材有限公司,任煜虎,15000000,元人民币,江苏,13814883831,建材
广西众合新型建材有限公司,石星军,20000000,元人民币,广西,15177838988,建材
鄂尔多斯市蒙西建材有限责任公司,聂刚,17600000,元人民币,内蒙古,0477-6480505,建材
福建铭盛新型建材科技有限公司,王飞虎,30030000,元人民币,福建,18960116608,建材
唐山曹妃甸工业区林昊建材有限公司,安志成,39800000,元人民币,河北,0315-2820609,建材
河南新路基公路建材有限公司,姜东,49999000,元人民币,河南,18037327970,建材
福建省龙升新型建材有限公司,陈仕合,30000000,元人民币,福建,13507583066,建材
福建佳益源建材贸易有限公司,黄忠权,28000000,元人民币,福建,15060083228,建材
贵州草之王新型建材有限公司,郑力飞,16000000,元人民币,贵州,17585119291,建材
南通中房新型建材科技有限公司,张树林,20000000,元人民币,江苏,13615203598,建材
济宁市华银建材销售有限公司,朱明,20000000,元人民币,山东,13703923527,建材
济南富齐环保建材有限公司,刘志雄,15000000,元人民币,山东,13593438338,建材
江苏泰建材贸易有限公司,王杰,30000000,元人民币,江苏,15262935851,建材
上海溢俭新型建材有限公司,陈娟,18650000,元人民币,上海,13616290001,建材
连江县福连鑫建材有限公司,赵克敏,21000000,元人民币,福建,15980111111,建材
北京筑衡伟业建材有限公司,朱然陶,58000000,元人民币,北京,13357803137,建材
山东德耀盛丰建材有限公司,曲旭军,20000000,元人民币,山东,18560376165,建材
广西南宁海石建材有限责任公司,张大海,25500000,元人民币,广西,13077747289,建材
安徽省港海新型建材有限公司,彭庆付,50000000,元人民币,安徽,0561-3018228,建材
邹城市铸诚新型建材有限公司,邵长伟,26800000,元人民币,山东,18753769698,建材
山东国邦乐建材销售有限公司,左飞,15000000,元人民币,山东,15726126855,建材
福建吴钢建材市场开发有限公司,陈伟,28000000,元人民币,福建,0591-87106999,建材
巴彦淖尔市大兴高新建材有限公司,高亚恒,23800000,元人民币,内蒙古,13947886384,建材
青岛华川辉煌建材商贸有限公司,王东柱,55000000,元人民币,山东,15054505555,建材
北京立高殿梁防水保温建材科技有限公司,辛拓,28000000,元人民币,北京,13920236328,建材
广东长盛源环保建材科技有限公司,上官贵春,55000000,元人民币,广东,13929850511,建材
呼和浩特市佳宇恒信建材有限责任公司,周雪飞,100000000,元人民币,内蒙古,15661010831,建材
龙岩东肖新城建材贸易有限公司,雷华燕,80000000,元人民币,福建,0597-2501155,建材
天津华信筑屋建材销售有限公司,王岩,30000000,元人民币,天津,18610082516,建材
普莱斯德节能建材（沈阳）有限公司,李雅男,22000000,元人民币,辽宁,18842470157,建材
安徽省伟航环保建材科技股份有限公司,周港,13800000,元人民币,安徽,13914775888,建材
山东弘力实业集团有限公司,刘全丽,20000000,元人民币,山东,0539-8611390,建材
河南牧原农牧设备有限公司,彭轮,22000000,元人民币,河南,18567256391,建材
海南启程德瑞绿建科技集团有限公司,宋立巍,8433750,元人民币,海南,18389596780,建材
拓福集团有限公司,林毅,13800000,元人民币,福建,18259049777,建材
常熟市龙腾型材科技有限公司,季丙元,50000000,元人民币,江苏,0512-52669225,建材
重庆三磊实业（集团）有限公司,洪忠进,60000000,元人民币,重庆,023-63050666,建材
重庆纲劲实业（集团）有限公司,周祥玉,21688000,元人民币,重庆,13883271159,建材
安徽海瀚矿业有限公司,李仲保,30800000,元人民币,安徽,13956116663,建材
福建道恩建筑工程有限公司,孙超,16000000,元人民币,福建,13665090039,建材
大连益坤鸿建设工程有限公司,王洪波,56800000,元人民币,辽宁,13154118514,建材
海南拓邦国际贸易有限公司,孙敏敏,15000000,元人民币,海南,13406883439,建材
哈尔滨银林建筑劳务有限公司,刘鹏,216000000,元人民币,黑龙江,15104634638,建材
深圳市绿宇建筑工程有限公司,吴永亮,30000000,元人民币,广东,0755-28319986,建材
乐山瑞利建筑劳务有限公司,王瑞军,23000000,元人民币,四川,15884392888,建材
南国陶都企业管理股份有限公司,严锐军,88000000,元人民币,广东,13928673203,建材
广州市洪和建筑劳务有限公司,黄林城,18000000,元人民币,广东,13422149228,建材
广东鑫磊源海运有限公司,肖世荣,52800000,元人民币,广东,13710689380,建材
马鞍山金涌建设工程有限公司,杨桂金,20000000,元人民币,安徽,13956237626,建材
济宁市赢润装配式建筑科技有限公司,张艳,36338000,元人民币,山东,13793701111,建材
大连赐珑建设工程有限公司,张凤霞,32800000,元人民币,辽宁,13354038788,建材
山东立盟木材产业园有限公司,宋玉芬,34578078,元人民币,山东,13073340818,建材
淮南国柴新能源科技有限公司,金辉,20000000,元人民币,安徽,18905543255,建材
珠海横琴新区曾夏劳务有限公司,王海浪,18000000,元人民币,广东,18666113529,建材
晋江七匹狼贸易有限责任公司,周永伟,38000000,元人民币,福建,15980811080,建材
葫芦岛市大浪花鹏武贸易有限公司,田庆忠,99900000,元人民币,辽宁,13190369090,建材
亳州市泰越进出口贸易有限公司,陈永来,15000000,元人民币,安徽,13243758712,建材
广东君海建设工程有限公司,潘国君,20000000,元人民币,广东,13512777119,建材
湛江新路桥物资有限公司,沈志英,20000000,元人民币,广东,18128092551,建材
沈阳市皇姑区御正建材经销处,金树森,18479970,元人民币,辽宁,18102424524,建材
广州市雅丰建筑材料有限公司,朱盛解,33000000,元人民币,广东,020-8757342,建材
中源恒基泰安建筑材料有限公司,鲍明珠,21000000,元人民币,山东,13854823987,建材
福建海源新材料科技有限公司,李良光,23600000,元人民币,福建,0599-5507190,建材
上海盈浩建筑材料有限公司,周利军,28000000,元人民币,上海,021-65929301,建材
北京东方嘉禾建筑材料有限公司,吴雪丹,15000000,元人民币,北京,010-59153600,建材
安徽海创新型节能建筑材料有限责任公司,李剑,15000000,元人民币,安徽,15855534428,建材
福建钢信新型材料有限公司,陈卫东,31800000,元人民币,福建,13959325730,建材
江苏建华新型墙材有限公司,郑赛荣,15000000,元人民币,江苏,18852885299,建材
广西意盛建筑材料有限公司,陈俊安,20000000,元人民币,广西,13217775331,建材
安徽成筑建筑材料有限公司,郭东,69000000,元人民币,安徽,13655606475,建材
福建新万新材料科技有限公司,凌珊珊,50000000,元人民币,福建,18150266966,建材
福建神采新材料科技有限公司,温伟平,69000000,元人民币,福建,13960253118,建材
内蒙古帝耀建筑材料有限公司,王正,180000000,元人民币,内蒙古,15300035689,建材
安丘市海胜建筑材料有限公司,王秀军,15000000,元人民币,山东,15689171456,建材
安丘市海胜建筑材料有限公司,王秀军,100000000,元人民币,山东,15689171456,建材
分宜海螺建筑材料有限责任公司,李国友,16800000,元人民币,江西,13979070381,建材
海南天材盛建筑劳务服务有限公司,王天阁,30000000,元人民币,海南,13933499538,建材
陕西金巨成节能建筑材料有限公司,刘涛,20000000,元人民币,陕西,15991733599,建材
辽宁纵横天下行建筑材料有限公司,贾广新,100000000,元人民币,辽宁,13080888269,建材
珠海横琴中翔永盛建筑材料贸易有限公司,张钦欢,0,元人民币,广东,18818862399,建材
福建莆田奇成新材料科技集团有限公司,郭林成,0,元人民币,福建,13959271573,建材
珠海横琴中翔永盛建筑材料贸易有限公司,张钦欢,0,元人民币,广东,18818862399,建材
北京安亚中泰建筑集团有限公司,林国清,0,元人民币,北京,13801631941,建材
吉林省耀森城装配式材料建筑工程有限公司,张立忠,0,元人民币,吉林,15584708008,建材
福建星之元环保科技有限公司,黄登伟,0,元人民币,福建,18650311555,建材
大连泓怡建筑劳务有限公司,王波,0,元人民币,辽宁,15504247333,建材
